{"stats":{"minecraft:picked_up":{"minecraft:wooden_axe":1,"minecraft:feather":1,"minecraft:wooden_pickaxe":1,"minecraft:pink_wool":1,"minecraft:oak_stairs":51,"minecraft:potato":9,"minecraft:oak_log":80,"minecraft:yellow_bed":8,"minecraft:cornflower":8,"minecraft:dirt":19,"minecraft:oak_trapdoor":1,"minecraft:cooked_mutton":12,"minecraft:bone":8,"minecraft:bow":2,"minecraft:wheat_seeds":12,"minecraft:gold_nugget":3,"minecraft:bell":1,"minecraft:stone_pickaxe":3,"minecraft:birch_sapling":4,"minecraft:oak_planks":59,"minecraft:stick":4,"minecraft:raw_iron":16,"minecraft:oak_door":2,"minecraft:torch":4,"minecraft:diorite":3,"minecraft:white_bed":16,"minecraft:mossy_cobblestone":5,"minecraft:arrow":5,"minecraft:rotten_flesh":1,"minecraft:oak_sapling":6,"minecraft:coal":9,"minecraft:white_wool":6,"minecraft:cobblestone":176},"minecraft:mined":{"minecraft:white_bed":10,"minecraft:glass_pane":3,"minecraft:mossy_cobblestone":5,"minecraft:cornflower":8,"minecraft:grass_block":1,"minecraft:cobblestone":34,"minecraft:tall_grass":11,"minecraft:oak_planks":55,"minecraft:diorite":2,"minecraft:birch_sapling":1,"minecraft:oak_trapdoor":1,"minecraft:iron_ore":16,"minecraft:yellow_bed":4,"minecraft:bell":1,"minecraft:grass":56,"minecraft:oak_log":64,"minecraft:coal_ore":9,"minecraft:oak_stairs":51,"minecraft:dirt":1,"minecraft:stone":58},"minecraft:used":{"minecraft:oak_trapdoor":7,"minecraft:cooked_mutton":2,"minecraft:diorite":1,"minecraft:stone_pickaxe":121,"minecraft:oak_planks":203,"minecraft:wooden_pickaxe":7,"minecraft:bell":1,"minecraft:mossy_cobblestone":5,"minecraft:dirt":15,"minecraft:crafting_table":3,"minecraft:white_bed":10,"minecraft:wooden_axe":23,"minecraft:oak_stairs":1,"minecraft:bread":8,"minecraft:birch_sapling":1,"minecraft:stone_axe":130,"minecraft:cobblestone":132,"minecraft:yellow_bed":4},"minecraft:killed":{"minecraft:skeleton":1},"minecraft:broken":{"minecraft:stone_axe":1},"minecraft:killed_by":{"minecraft:player":1,"minecraft:zombie":1},"minecraft:crafted":{"minecraft:oak_planks":252,"minecraft:crafting_table":3,"minecraft:wooden_pickaxe":1,"minecraft:stone_axe":1,"minecraft:oak_trapdoor":6,"minecraft:stick":12,"minecraft:stone_pickaxe":1,"minecraft:wooden_axe":1,"minecraft:white_bed":2},"minecraft:dropped":{"minecraft:white_bed":8,"minecraft:yellow_bed":4},"minecraft:custom":{"minecraft:interact_with_furnace":15,"minecraft:mob_kills":1,"minecraft:interact_with_crafting_table":4,"minecraft:bell_ring":10,"minecraft:time_since_death":4558,"minecraft:sleep_in_bed":2,"minecraft:climb_one_cm":788,"minecraft:time_since_rest":4584,"minecraft:sprint_one_cm":87065,"minecraft:damage_taken":1028,"minecraft:walk_one_cm":139488,"minecraft:drop":12,"minecraft:damage_dealt":319,"minecraft:talked_to_villager":1,"minecraft:fly_one_cm":150972,"minecraft:open_chest":6,"minecraft:crouch_one_cm":8130,"minecraft:play_time":59865,"minecraft:deaths":2,"minecraft:sneak_time":2493,"minecraft:walk_under_water_one_cm":380,"minecraft:jump":840,"minecraft:interact_with_brewingstand":1,"minecraft:walk_on_water_one_cm":833,"minecraft:total_world_time":59865,"minecraft:fall_one_cm":10392}},"DataVersion":2730}