{"stats":{"minecraft:picked_up":{"minecraft:wooden_axe":2,"minecraft:crafting_table":4,"minecraft:iron_chestplate":1,"minecraft:wheat":5,"minecraft:chicken":1,"minecraft:wooden_pickaxe":2,"minecraft:pink_wool":1,"minecraft:oak_stairs":51,"minecraft:birch_button":10,"minecraft:oak_trapdoor":1,"minecraft:cornflower":9,"minecraft:iron_axe":1,"minecraft:beetroot":1,"minecraft:gold_nugget":3,"minecraft:beef":5,"minecraft:light_gray_wool":1,"minecraft:poppy":9,"minecraft:iron_pickaxe":3,"minecraft:sugar_cane":16,"minecraft:birch_sapling":9,"minecraft:egg":1,"minecraft:furnace":4,"minecraft:sandstone":18,"minecraft:stick":10,"minecraft:raw_iron":29,"minecraft:oak_door":3,"minecraft:composter":1,"minecraft:torch":5,"minecraft:porkchop":28,"minecraft:diorite":4,"minecraft:carrot":4,"minecraft:arrow":9,"minecraft:rotten_flesh":6,"minecraft:mutton":9,"minecraft:white_wool":14,"minecraft:cobblestone":260,"minecraft:birch_log":357,"minecraft:feather":4,"minecraft:cooked_beef":1,"minecraft:andesite":25,"minecraft:leather":1,"minecraft:potato":9,"minecraft:filled_map":1,"minecraft:birch_planks":64,"minecraft:oak_log":118,"minecraft:lily_pad":11,"minecraft:yellow_bed":19,"minecraft:dirt":205,"minecraft:cooked_mutton":14,"minecraft:bone":11,"minecraft:kelp":12,"minecraft:bow":4,"minecraft:wheat_seeds":52,"minecraft:raw_gold":7,"minecraft:bell":1,"minecraft:stone_pickaxe":3,"minecraft:iron_ingot":8,"minecraft:oak_planks":75,"minecraft:cooked_porkchop":1,"minecraft:birch_boat":4,"minecraft:sand":1,"minecraft:white_bed":24,"minecraft:mossy_cobblestone":5,"minecraft:oak_sapling":19,"minecraft:coal":114},"minecraft:mined":{"minecraft:white_bed":18,"minecraft:mossy_cobblestone":5,"minecraft:grass_block":164,"minecraft:composter":1,"minecraft:sandstone":1,"minecraft:redstone_ore":1,"minecraft:oak_trapdoor":1,"minecraft:furnace":4,"minecraft:carrots":4,"minecraft:iron_ore":41,"minecraft:bell":1,"minecraft:oak_stairs":51,"minecraft:stone":122,"minecraft:glass_pane":3,"minecraft:crafting_table":5,"minecraft:cornflower":9,"minecraft:torch":1,"minecraft:poppy":8,"minecraft:tall_grass":37,"minecraft:cobblestone":35,"minecraft:lily_pad":8,"minecraft:sugar_cane":7,"minecraft:oak_planks":57,"minecraft:diorite":16,"minecraft:birch_sapling":1,"minecraft:birch_log":232,"minecraft:birch_leaves":5,"minecraft:yellow_bed":14,"minecraft:grass":342,"minecraft:oak_log":104,"minecraft:coal_ore":19,"minecraft:sand":16,"minecraft:dirt":11,"minecraft:gold_ore":7,"minecraft:oak_leaves":14},"minecraft:used":{"minecraft:oak_trapdoor":7,"minecraft:iron_shovel":181,"minecraft:shield":2,"minecraft:bell":1,"minecraft:cooked_chicken":1,"minecraft:dirt":176,"minecraft:mutton":2,"minecraft:wooden_axe":77,"minecraft:iron_axe":310,"minecraft:oak_stairs":1,"minecraft:birch_sapling":1,"minecraft:furnace":4,"minecraft:cooked_mutton":13,"minecraft:diorite":1,"minecraft:stone_pickaxe":164,"minecraft:oak_planks":207,"minecraft:birch_boat":5,"minecraft:wooden_pickaxe":13,"minecraft:sandstone":16,"minecraft:mossy_cobblestone":5,"minecraft:sand":1,"minecraft:crafting_table":8,"minecraft:white_bed":10,"minecraft:bread":9,"minecraft:iron_pickaxe":84,"minecraft:stone_axe":130,"minecraft:cobblestone":135,"minecraft:cooked_porkchop":2,"minecraft:porkchop":7,"minecraft:yellow_bed":11,"minecraft:oak_boat":1},"minecraft:killed":{"minecraft:spider":1,"minecraft:skeleton":2,"minecraft:chicken":1,"minecraft:pig":7,"minecraft:iron_golem":1,"minecraft:sheep":5,"minecraft:zombie":5,"minecraft:cow":3},"minecraft:broken":{"minecraft:iron_axe":1,"minecraft:stone_axe":1,"minecraft:wooden_axe":1},"minecraft:killed_by":{"minecraft:player":1,"minecraft:iron_golem":2,"minecraft:zombie":2},"minecraft:crafted":{"minecraft:oak_planks":284,"minecraft:birch_boat":1,"minecraft:cooked_chicken":1,"minecraft:furnace":2,"minecraft:cooked_mutton":6,"minecraft:oak_trapdoor":6,"minecraft:iron_boots":1,"minecraft:iron_axe":2,"minecraft:stone_pickaxe":2,"minecraft:birch_button":2,"minecraft:cooked_porkchop":19,"minecraft:crafting_table":5,"minecraft:wooden_pickaxe":2,"minecraft:stone_axe":1,"minecraft:bread":1,"minecraft:air":0,"minecraft:oak_boat":1,"minecraft:iron_chestplate":1,"minecraft:shield":1,"minecraft:stick":24,"minecraft:iron_ingot":26,"minecraft:iron_pickaxe":2,"minecraft:wooden_axe":2,"minecraft:iron_shovel":1,"minecraft:white_bed":2},"minecraft:custom":{"minecraft:mob_kills":25,"minecraft:interact_with_crafting_table":27,"minecraft:bell_ring":10,"minecraft:leave_game":10,"minecraft:time_since_death":77087,"minecraft:climb_one_cm":2680,"minecraft:sprint_one_cm":314618,"minecraft:walk_one_cm":433407,"minecraft:damage_blocked_by_shield":45,"minecraft:drop":45,"minecraft:talked_to_villager":1,"minecraft:play_time":168464,"minecraft:deaths":5,"minecraft:sneak_time":3415,"minecraft:walk_under_water_one_cm":9147,"minecraft:boat_one_cm":473748,"minecraft:jump":3200,"minecraft:interact_with_brewingstand":1,"minecraft:interact_with_blast_furnace":2,"minecraft:walk_on_water_one_cm":13376,"minecraft:total_world_time":168464,"minecraft:interact_with_furnace":80,"minecraft:sleep_in_bed":11,"minecraft:time_since_rest":17575,"minecraft:damage_taken":2551,"minecraft:damage_dealt":3829,"minecraft:fly_one_cm":439523,"minecraft:open_chest":16,"minecraft:crouch_one_cm":10346,"minecraft:fall_one_cm":52014},"minecraft:dropped":{"minecraft:iron_ingot":2,"minecraft:porkchop":9,"minecraft:wheat_seeds":9,"minecraft:feather":2,"minecraft:dirt":9,"minecraft:wooden_axe":1,"minecraft:iron_axe":1,"minecraft:iron_pickaxe":2,"minecraft:paper":8,"minecraft:lily_pad":2,"minecraft:bone":3,"minecraft:beetroot":1,"minecraft:light_gray_wool":1,"minecraft:white_bed":8,"minecraft:filled_map":1,"minecraft:andesite":12,"minecraft:yellow_bed":4,"minecraft:sandstone":2,"minecraft:birch_button":12,"minecraft:arrow":4,"minecraft:bow":2,"minecraft:wooden_pickaxe":2,"minecraft:stone_pickaxe":3,"minecraft:egg":1}},"DataVersion":2730}