{"stats":{"minecraft:picked_up":{"minecraft:wooden_axe":2,"minecraft:iron_chestplate":7,"minecraft:wheat":554,"minecraft:stone_slab":13,"minecraft:diamond_sword":2,"minecraft:oak_stairs":51,"minecraft:potion":1,"minecraft:enchanted_book":6,"minecraft:birch_button":10,"minecraft:brewing_stand":2,"minecraft:golden_sword":2,"minecraft:string":77,"minecraft:raw_copper":21,"minecraft:iron_leggings":6,"minecraft:oak_sign":5,"minecraft:beetroot":1,"minecraft:diamond_leggings":2,"minecraft:gold_nugget":35,"minecraft:cobbled_deepslate":665,"minecraft:comparator":1,"minecraft:bucket":21,"minecraft:cobblestone_slab":440,"minecraft:ender_eye":4,"minecraft:iron_pickaxe":14,"minecraft:melon_slice":16,"minecraft:iron_boots":2,"minecraft:furnace":7,"minecraft:stick":75,"minecraft:composter":9,"minecraft:torch":31,"minecraft:acacia_log":461,"minecraft:purpur_pillar":4,"minecraft:porkchop":73,"minecraft:diorite":89,"minecraft:orange_bed":1,"minecraft:stone_sword":1,"minecraft:rotten_flesh":48,"minecraft:end_rod":4,"minecraft:netherite_chestplate":1,"minecraft:blaze_rod":3,"minecraft:obsidian":16,"minecraft:blaze_powder":24,"minecraft:cobblestone":2490,"minecraft:birch_log":363,"minecraft:feather":6,"minecraft:cooked_beef":25,"minecraft:repeater":39,"minecraft:iron_door":10,"minecraft:water_bucket":11,"minecraft:andesite":68,"minecraft:smoker":1,"minecraft:potato":30,"minecraft:flint":19,"minecraft:acacia_boat":3,"minecraft:lapis_lazuli":9,"minecraft:dirt":1852,"minecraft:lantern":3,"minecraft:glass":64,"minecraft:bone":46,"minecraft:acacia_planks":5,"minecraft:bow":8,"minecraft:wheat_seeds":1699,"minecraft:raw_gold":14,"minecraft:cobbled_deepslate_slab":121,"minecraft:bell":1,"minecraft:fletching_table":7,"minecraft:diamond_helmet":2,"minecraft:glowstone_dust":43,"minecraft:oak_planks":197,"minecraft:cooked_porkchop":24,"minecraft:warped_wart_block":5,"minecraft:axolotl_bucket":1,"minecraft:dropper":1,"minecraft:sand":500,"minecraft:ink_sac":2,"minecraft:shulker_box":2,"minecraft:mossy_cobblestone":5,"minecraft:iron_hoe":4,"minecraft:dispenser":5,"minecraft:diamond":18,"minecraft:cracked_polished_blackstone_bricks":31,"minecraft:granite":5,"minecraft:bone_meal":3,"minecraft:emerald":11,"minecraft:golden_horse_armor":1,"minecraft:bread":46,"minecraft:oak_sapling":20,"minecraft:netherrack":1232,"minecraft:chorus_fruit":47,"minecraft:crimson_roots":14,"minecraft:diamond_pickaxe":5,"minecraft:end_stone_bricks":5,"minecraft:crafting_table":23,"minecraft:chicken":2,"minecraft:nether_wart":39,"minecraft:clay_ball":40,"minecraft:golden_pickaxe":2,"minecraft:wooden_pickaxe":3,"minecraft:pink_wool":1,"minecraft:purpur_block":8,"minecraft:shield":10,"minecraft:cornflower":25,"minecraft:oak_trapdoor":1,"minecraft:iron_axe":9,"minecraft:wooden_sword":1,"minecraft:iron_shovel":8,"minecraft:blackstone":25,"minecraft:cartography_table":2,"minecraft:beef":77,"minecraft:observer":8,"minecraft:poppy":47,"minecraft:light_gray_wool":4,"minecraft:lectern":112,"minecraft:sugar_cane":2445,"minecraft:chest":3,"minecraft:birch_sapling":9,"minecraft:egg":10,"minecraft:raw_iron":154,"minecraft:sandstone":18,"minecraft:end_stone":279,"minecraft:stone":90,"minecraft:oak_door":3,"minecraft:polished_blackstone_bricks":43,"minecraft:carrot":50,"minecraft:redstone":170,"minecraft:iron_horse_armor":1,"minecraft:tnt":1,"minecraft:arrow":32,"minecraft:weeping_vines":5,"minecraft:diamond_chestplate":3,"minecraft:diamond_boots":4,"minecraft:purpur_slab":4,"minecraft:hay_block":9,"minecraft:saddle":6,"minecraft:glistering_melon_slice":1,"minecraft:mutton":42,"minecraft:bone_block":313,"minecraft:white_wool":22,"minecraft:crimson_stem":130,"minecraft:leather":45,"minecraft:filled_map":3,"minecraft:birch_planks":112,"minecraft:crimson_fungus":1,"minecraft:purpur_stairs":6,"minecraft:oak_log":182,"minecraft:lily_pad":11,"minecraft:yellow_bed":19,"minecraft:nether_wart_block":7,"minecraft:gunpowder":25,"minecraft:paper":495,"minecraft:cooked_mutton":89,"minecraft:stone_bricks":12,"minecraft:kelp":32,"minecraft:acacia_trapdoor":1,"minecraft:iron_ingot":146,"minecraft:stone_pickaxe":3,"minecraft:cooked_chicken":3,"minecraft:glass_bottle":3,"minecraft:iron_sword":6,"minecraft:acacia_sapling":52,"minecraft:book":560,"minecraft:oak_slab":6,"minecraft:warped_fungus":1,"minecraft:birch_boat":4,"minecraft:quartz":41,"minecraft:dandelion":26,"minecraft:gravel":144,"minecraft:white_bed":43,"minecraft:spruce_log":8,"minecraft:spider_eye":9,"minecraft:iron_helmet":8,"minecraft:gray_wool":4,"minecraft:warped_roots":10,"minecraft:melon_seeds":81,"minecraft:acacia_slab":20,"minecraft:black_wool":4,"minecraft:warped_nylium":7,"minecraft:coal":513,"minecraft:ender_pearl":25,"minecraft:shulker_shell":25},"minecraft:used":{"minecraft:iron_shovel":1993,"minecraft:dispenser":15,"minecraft:poppy":1,"minecraft:oak_sign":5,"minecraft:chest":10,"minecraft:shield":110,"minecraft:iron_sword":523,"minecraft:stone":332,"minecraft:bell":1,"minecraft:mutton":10,"minecraft:carrot":17,"minecraft:glass":92,"minecraft:birch_sapling":1,"minecraft:warped_nylium":3,"minecraft:stone_bricks":12,"minecraft:repeater":31,"minecraft:bow":22,"minecraft:furnace":13,"minecraft:diorite":1,"minecraft:end_stone_bricks":3,"minecraft:dropper":2,"minecraft:chorus_fruit":26,"minecraft:oak_planks":209,"minecraft:stone_pickaxe":295,"minecraft:blackstone":25,"minecraft:ender_pearl":15,"minecraft:wooden_pickaxe":18,"minecraft:sandstone":16,"minecraft:sugar_cane":403,"minecraft:sand":5,"minecraft:purpur_stairs":4,"minecraft:end_stone":245,"minecraft:lever":1,"minecraft:melon_slice":4,"minecraft:string":1,"minecraft:bread":53,"minecraft:lectern":115,"minecraft:gravel":64,"minecraft:nether_wart_block":2,"minecraft:diamond_sword":406,"minecraft:wooden_sword":134,"minecraft:andesite":8,"minecraft:oak_boat":1,"minecraft:purpur_block":7,"minecraft:bone_meal":387,"minecraft:golden_pickaxe":1,"minecraft:oak_trapdoor":9,"minecraft:redstone":5,"minecraft:cooked_chicken":2,"minecraft:netherrack":145,"minecraft:torch":26,"minecraft:anvil":1,"minecraft:dirt":642,"minecraft:warped_wart_block":3,"minecraft:hopper":26,"minecraft:shulker_box":2,"minecraft:granite":4,"minecraft:iron_hoe":249,"minecraft:wooden_axe":107,"minecraft:iron_axe":921,"minecraft:oak_stairs":1,"minecraft:acacia_slab":35,"minecraft:cooked_beef":49,"minecraft:cobbled_deepslate":78,"minecraft:observer":15,"minecraft:wheat_seeds":634,"minecraft:cooked_mutton":39,"minecraft:water_bucket":348,"minecraft:birch_boat":5,"minecraft:fletching_table":5,"minecraft:cobblestone_slab":1770,"minecraft:polished_blackstone_bricks":43,"minecraft:mossy_cobblestone":5,"minecraft:comparator":1,"minecraft:oak_slab":2,"minecraft:crafting_table":29,"minecraft:white_bed":28,"minecraft:campfire":25,"minecraft:diamond_pickaxe":1962,"minecraft:cracked_polished_blackstone_bricks":31,"minecraft:iron_pickaxe":2370,"minecraft:stone_slab":328,"minecraft:stone_axe":130,"minecraft:cobblestone":940,"minecraft:potion":1,"minecraft:cobbled_deepslate_slab":969,"minecraft:porkchop":15,"minecraft:cooked_porkchop":29,"minecraft:bucket":357,"minecraft:yellow_bed":11},"minecraft:mined":{"minecraft:attached_melon_stem":7,"minecraft:white_bed":23,"minecraft:brewing_stand":2,"minecraft:granite":6,"minecraft:acacia_log":224,"minecraft:grass_block":899,"minecraft:cracked_polished_blackstone_bricks":34,"minecraft:purpur_slab":2,"minecraft:crimson_fungus":1,"minecraft:composter":1,"minecraft:hopper":1,"minecraft:nether_wart":10,"minecraft:weeping_vines_plant":5,"minecraft:polished_blackstone_bricks":45,"minecraft:tall_seagrass":4,"minecraft:glowstone":8,"minecraft:iron_ore":154,"minecraft:barrel":1,"minecraft:cobbled_deepslate":15,"minecraft:fire":16,"minecraft:fletching_table":6,"minecraft:dirt_path":11,"minecraft:oak_stairs":51,"minecraft:end_stone_bricks":3,"minecraft:tripwire":1,"minecraft:deepslate_redstone_ore":1,"minecraft:blackstone":26,"minecraft:kelp_plant":13,"minecraft:melon_stem":51,"minecraft:crimson_nylium":3,"minecraft:smoker":1,"minecraft:soul_fire":6,"minecraft:purpur_stairs":4,"minecraft:torch":2,"minecraft:melon":1,"minecraft:poppy":35,"minecraft:dead_bush":7,"minecraft:glass":13,"minecraft:nether_quartz_ore":41,"minecraft:cobblestone":456,"minecraft:oak_planks":62,"minecraft:sugar_cane":1654,"minecraft:iron_door":5,"minecraft:wall_torch":4,"minecraft:birch_sapling":1,"minecraft:seagrass":5,"minecraft:repeater":5,"minecraft:warped_nylium":3,"minecraft:nether_wart_block":8,"minecraft:birch_log":235,"minecraft:wheat":609,"minecraft:warped_fungus":1,"minecraft:tnt":2,"minecraft:purpur_block":8,"minecraft:grass":1768,"minecraft:oak_log":141,"minecraft:sand":494,"minecraft:dirt":416,"minecraft:dispenser":3,"minecraft:netherrack":696,"minecraft:deepslate":7,"minecraft:oak_leaves":35,"minecraft:nether_gold_ore":7,"minecraft:diamond_ore":5,"minecraft:mossy_cobblestone":5,"minecraft:shulker_box":1,"minecraft:end_stone":277,"minecraft:cobbled_deepslate_slab":18,"minecraft:crimson_roots":14,"minecraft:weeping_vines":4,"minecraft:redstone_wire":2,"minecraft:spruce_leaves":1,"minecraft:acacia_slab":16,"minecraft:kelp":5,"minecraft:cartography_table":2,"minecraft:sandstone":1,"minecraft:crimson_stem":51,"minecraft:redstone_ore":11,"minecraft:oak_trapdoor":1,"minecraft:furnace":6,"minecraft:carrots":17,"minecraft:andesite":39,"minecraft:bell":1,"minecraft:bookshelf":24,"minecraft:potatoes":6,"minecraft:cobblestone_slab":435,"minecraft:lantern":1,"minecraft:stripped_acacia_log":1,"minecraft:chorus_plant":4,"minecraft:stone":1792,"minecraft:bone_block":160,"minecraft:acacia_leaves":24,"minecraft:glass_pane":3,"minecraft:magenta_stained_glass":1,"minecraft:infested_stone_bricks":3,"minecraft:observer":4,"minecraft:dandelion":12,"minecraft:crafting_table":19,"minecraft:cornflower":9,"minecraft:dropper":1,"minecraft:warped_roots":8,"minecraft:lectern":110,"minecraft:stone_slab":19,"minecraft:copper_ore":12,"minecraft:purpur_pillar":2,"minecraft:tall_grass":153,"minecraft:lily_pad":8,"minecraft:diorite":80,"minecraft:warped_wart_block":4,"minecraft:spruce_log":8,"minecraft:birch_leaves":5,"minecraft:yellow_bed":14,"minecraft:coal_ore":126,"minecraft:end_rod":2,"minecraft:gravel":157,"minecraft:cobweb":20,"minecraft:cracked_stone_bricks":10,"minecraft:stone_bricks":11,"minecraft:mossy_stone_bricks":11,"minecraft:gold_ore":10,"minecraft:infested_stone":5},"minecraft:killed":{"minecraft:cave_spider":1,"minecraft:zombified_piglin":2,"minecraft:witch":1,"minecraft:spider":22,"minecraft:shulker":23,"minecraft:skeleton":19,"minecraft:chicken":2,"minecraft:silverfish":11,"minecraft:pig":15,"minecraft:iron_golem":1,"minecraft:creeper":3,"minecraft:sheep":15,"minecraft:zombie":42,"minecraft:ghast":3,"minecraft:cow":24,"minecraft:blaze":10,"minecraft:drowned":1,"minecraft:bat":1,"minecraft:squid":2,"minecraft:wither_skeleton":2,"minecraft:enderman":34},"minecraft:broken":{"minecraft:iron_shovel":6,"minecraft:golden_boots":1,"minecraft:iron_chestplate":1,"minecraft:iron_leggings":2,"minecraft:stone_pickaxe":1,"minecraft:stone_axe":1,"minecraft:iron_sword":2,"minecraft:wooden_axe":1,"minecraft:iron_axe":2,"minecraft:iron_pickaxe":7,"minecraft:iron_helmet":1},"minecraft:killed_by":{"minecraft:ghast":1,"minecraft:blaze":2,"minecraft:zombie":3,"minecraft:player":2,"minecraft:spider":1,"minecraft:enderman":4,"minecraft:iron_golem":2,"minecraft:ender_dragon":1,"minecraft:shulker":1,"minecraft:skeleton":1},"minecraft:crafted":{"minecraft:oak_planks":500,"minecraft:cobblestone_slab":1356,"minecraft:oak_sign":9,"minecraft:birch_boat":1,"minecraft:cooked_chicken":1,"minecraft:stone":623,"minecraft:lever":1,"minecraft:bookshelf":6,"minecraft:shulker_box":3,"minecraft:cooked_mutton":7,"minecraft:glass":178,"minecraft:hopper":25,"minecraft:diamond_helmet":1,"minecraft:repeater":20,"minecraft:bow":13,"minecraft:iron_boots":3,"minecraft:comparator":1,"minecraft:chest":34,"minecraft:birch_button":2,"minecraft:golden_boots":2,"minecraft:dropper":1,"minecraft:oak_slab":6,"minecraft:emerald":98,"minecraft:cooked_porkchop":41,"minecraft:crafting_table":17,"minecraft:acacia_slab":48,"minecraft:wooden_pickaxe":5,"minecraft:iron_helmet":3,"minecraft:campfire":24,"minecraft:dispenser":12,"minecraft:lectern":6,"minecraft:iron_chestplate":2,"minecraft:book":33,"minecraft:paper":2634,"minecraft:diamond_pickaxe":3,"minecraft:shield":2,"minecraft:stick":644,"minecraft:stone_slab":318,"minecraft:iron_ingot":296,"minecraft:iron_pickaxe":9,"minecraft:iron_block":4,"minecraft:gold_ingot":59,"minecraft:redstone_torch":43,"minecraft:wooden_sword":1,"minecraft:cobbled_deepslate_slab":972,"minecraft:furnace":8,"minecraft:bone_meal":384,"minecraft:oak_trapdoor":8,"minecraft:iron_axe":8,"minecraft:iron_hoe":1,"minecraft:stone_pickaxe":3,"minecraft:diamond_boots":1,"minecraft:observer":10,"minecraft:glistering_melon_slice":1,"minecraft:wheat":81,"minecraft:cooked_beef":49,"minecraft:crimson_planks":16,"minecraft:diamond_sword":1,"minecraft:iron_sword":3,"minecraft:bucket":18,"minecraft:stone_axe":1,"minecraft:enchanted_book":2,"minecraft:bread":56,"minecraft:air":0,"minecraft:oak_boat":1,"minecraft:gold_nugget":495,"minecraft:wooden_axe":3,"minecraft:iron_shovel":7,"minecraft:iron_leggings":2,"minecraft:anvil":1,"minecraft:white_bed":2,"minecraft:acacia_planks":556,"minecraft:torch":20,"minecraft:diamond_chestplate":1},"minecraft:custom":{"minecraft:animals_bred":30,"minecraft:interact_with_crafting_table":242,"minecraft:open_shulker_box":4,"minecraft:bell_ring":10,"minecraft:leave_game":39,"minecraft:time_since_death":4983,"minecraft:sprint_one_cm":1818262,"minecraft:damage_blocked_by_shield":3080,"minecraft:drop":281,"minecraft:talked_to_villager":263,"minecraft:play_time":1067325,"minecraft:deaths":23,"minecraft:jump":18065,"minecraft:interact_with_brewingstand":2,"minecraft:walk_on_water_one_cm":306059,"minecraft:interact_with_furnace":423,"minecraft:traded_with_villager":100,"minecraft:sleep_in_bed":35,"minecraft:open_enderchest":8,"minecraft:damage_dealt":48854,"minecraft:player_kills":1,"minecraft:crouch_one_cm":388064,"minecraft:inspect_dispenser":33,"minecraft:inspect_dropper":2,"minecraft:interact_with_anvil":5,"minecraft:mob_kills":239,"minecraft:inspect_hopper":10,"minecraft:climb_one_cm":8979,"minecraft:walk_one_cm":3083357,"minecraft:sneak_time":93971,"minecraft:walk_under_water_one_cm":114604,"minecraft:boat_one_cm":473748,"minecraft:interact_with_blast_furnace":2,"minecraft:total_world_time":1067325,"minecraft:time_since_rest":5028,"minecraft:damage_taken":18085,"minecraft:swim_one_cm":106919,"minecraft:fly_one_cm":4017429,"minecraft:open_chest":526,"minecraft:fall_one_cm":390561},"minecraft:dropped":{"minecraft:iron_sword":2,"minecraft:birch_planks":8,"minecraft:porkchop":9,"minecraft:warped_fungus":1,"minecraft:oak_log":5,"minecraft:ender_pearl":3,"minecraft:diamond":6,"minecraft:crafting_table":1,"minecraft:warped_roots":2,"minecraft:fletching_table":1,"minecraft:flint":14,"minecraft:emerald":40,"minecraft:dirt":72,"minecraft:crimson_roots":14,"minecraft:wooden_sword":1,"minecraft:gold_nugget":1,"minecraft:axolotl_bucket":1,"minecraft:glistering_melon_slice":1,"minecraft:iron_pickaxe":2,"minecraft:white_wool":2,"minecraft:gold_ingot":4,"minecraft:bone":5,"minecraft:gravel":55,"minecraft:sugar_cane":64,"minecraft:wheat":16,"minecraft:beetroot":1,"minecraft:cooked_mutton":14,"minecraft:white_bed":8,"minecraft:poppy":5,"minecraft:gunpowder":11,"minecraft:birch_button":12,"minecraft:arrow":12,"minecraft:quartz":6,"minecraft:netherrack":128,"minecraft:lectern":2,"minecraft:egg":1,"minecraft:water_bucket":2,"minecraft:enchanted_book":1,"minecraft:iron_ingot":8,"minecraft:bread":41,"minecraft:wheat_seeds":123,"minecraft:tnt":1,"minecraft:golden_horse_armor":1,"minecraft:iron_helmet":2,"minecraft:feather":2,"minecraft:cobblestone":1,"minecraft:book":19,"minecraft:acacia_log":64,"minecraft:acacia_trapdoor":1,"minecraft:coal":1,"minecraft:stick":29,"minecraft:gray_wool":1,"minecraft:wooden_axe":2,"minecraft:iron_leggings":1,"minecraft:iron_axe":2,"minecraft:paper":884,"minecraft:lily_pad":2,"minecraft:bucket":4,"minecraft:dandelion":2,"minecraft:stone_sword":1,"minecraft:blaze_rod":3,"minecraft:light_gray_wool":2,"minecraft:stone_slab":1,"minecraft:shulker_box":2,"minecraft:filled_map":1,"minecraft:diamond_chestplate":1,"minecraft:diamond_pickaxe":2,"minecraft:andesite":12,"minecraft:yellow_bed":4,"minecraft:diamond_boots":1,"minecraft:sandstone":2,"minecraft:bow":3,"minecraft:stone_pickaxe":3,"minecraft:wooden_pickaxe":4,"minecraft:raw_gold":14}},"DataVersion":2730}