{"stats":{"minecraft:picked_up":{"minecraft:wooden_axe":2,"minecraft:birch_log":342,"minecraft:iron_chestplate":1,"minecraft:feather":2,"minecraft:wooden_pickaxe":1,"minecraft:oak_stairs":51,"minecraft:pink_wool":1,"minecraft:potato":9,"minecraft:oak_log":110,"minecraft:yellow_bed":8,"minecraft:cornflower":9,"minecraft:dirt":196,"minecraft:oak_trapdoor":1,"minecraft:iron_axe":1,"minecraft:cooked_mutton":14,"minecraft:bone":8,"minecraft:bow":2,"minecraft:wheat_seeds":47,"minecraft:gold_nugget":3,"minecraft:bell":1,"minecraft:stone_pickaxe":3,"minecraft:iron_ingot":5,"minecraft:poppy":9,"minecraft:iron_pickaxe":3,"minecraft:birch_sapling":9,"minecraft:oak_planks":61,"minecraft:stick":10,"minecraft:raw_iron":16,"minecraft:oak_door":3,"minecraft:torch":4,"minecraft:diorite":4,"minecraft:white_bed":16,"minecraft:mossy_cobblestone":5,"minecraft:arrow":5,"minecraft:rotten_flesh":6,"minecraft:oak_sapling":19,"minecraft:coal":21,"minecraft:white_wool":6,"minecraft:cobblestone":177},"minecraft:mined":{"minecraft:white_bed":10,"minecraft:glass_pane":3,"minecraft:mossy_cobblestone":5,"minecraft:cornflower":9,"minecraft:grass_block":164,"minecraft:poppy":8,"minecraft:tall_grass":30,"minecraft:cobblestone":35,"minecraft:oak_planks":57,"minecraft:diorite":2,"minecraft:birch_sapling":1,"minecraft:oak_trapdoor":1,"minecraft:birch_log":217,"minecraft:iron_ore":16,"minecraft:birch_leaves":4,"minecraft:yellow_bed":4,"minecraft:bell":1,"minecraft:grass":283,"minecraft:oak_log":96,"minecraft:coal_ore":9,"minecraft:oak_stairs":51,"minecraft:dirt":11,"minecraft:stone":58},"minecraft:used":{"minecraft:oak_trapdoor":7,"minecraft:cooked_mutton":7,"minecraft:diorite":1,"minecraft:iron_shovel":181,"minecraft:stone_pickaxe":122,"minecraft:oak_planks":205,"minecraft:wooden_pickaxe":7,"minecraft:bell":1,"minecraft:mossy_cobblestone":5,"minecraft:dirt":176,"minecraft:crafting_table":3,"minecraft:white_bed":10,"minecraft:wooden_axe":54,"minecraft:oak_stairs":1,"minecraft:bread":8,"minecraft:iron_axe":257,"minecraft:birch_sapling":1,"minecraft:iron_pickaxe":5,"minecraft:stone_axe":130,"minecraft:cobblestone":135,"minecraft:yellow_bed":4},"minecraft:killed":{"minecraft:iron_golem":1,"minecraft:skeleton":1,"minecraft:zombie":5},"minecraft:broken":{"minecraft:iron_axe":1,"minecraft:stone_axe":1,"minecraft:wooden_axe":1},"minecraft:killed_by":{"minecraft:player":1,"minecraft:zombie":2,"minecraft:iron_golem":2},"minecraft:crafted":{"minecraft:oak_planks":252,"minecraft:crafting_table":3,"minecraft:wooden_pickaxe":1,"minecraft:stone_axe":1,"minecraft:air":0,"minecraft:oak_trapdoor":6,"minecraft:iron_boots":1,"minecraft:iron_chestplate":1,"minecraft:iron_axe":1,"minecraft:stick":12,"minecraft:iron_ingot":18,"minecraft:iron_pickaxe":1,"minecraft:stone_pickaxe":1,"minecraft:wooden_axe":1,"minecraft:iron_shovel":1,"minecraft:white_bed":2},"minecraft:custom":{"minecraft:interact_with_furnace":23,"minecraft:mob_kills":6,"minecraft:interact_with_crafting_table":8,"minecraft:bell_ring":10,"minecraft:leave_game":3,"minecraft:time_since_death":1119,"minecraft:sleep_in_bed":5,"minecraft:climb_one_cm":788,"minecraft:time_since_rest":1723,"minecraft:sprint_one_cm":143933,"minecraft:damage_taken":1951,"minecraft:walk_one_cm":271670,"minecraft:drop":18,"minecraft:damage_dealt":1732,"minecraft:talked_to_villager":1,"minecraft:fly_one_cm":223143,"minecraft:open_chest":11,"minecraft:crouch_one_cm":9316,"minecraft:play_time":92496,"minecraft:deaths":5,"minecraft:sneak_time":3009,"minecraft:walk_under_water_one_cm":380,"minecraft:jump":1475,"minecraft:interact_with_brewingstand":1,"minecraft:walk_on_water_one_cm":833,"minecraft:total_world_time":92496,"minecraft:fall_one_cm":18464},"minecraft:dropped":{"minecraft:iron_ingot":2,"minecraft:white_bed":8,"minecraft:yellow_bed":4,"minecraft:iron_axe":1,"minecraft:stone_pickaxe":2,"minecraft:iron_pickaxe":2}},"DataVersion":2730}