{"stats":{"minecraft:picked_up":{"minecraft:bone":2,"minecraft:arrow":3,"minecraft:bow":1,"minecraft:wheat_seeds":2,"minecraft:yellow_bed":4,"minecraft:white_bed":8,"minecraft:birch_sapling":2},"minecraft:used":{"minecraft:bread":1,"minecraft:white_bed":1},"minecraft:mined":{"minecraft:grass":11,"minecraft:white_bed":8,"minecraft:tall_grass":11,"minecraft:yellow_bed":4},"minecraft:killed":{"minecraft:skeleton":1},"minecraft:killed_by":{"minecraft:zombie":1},"minecraft:custom":{"minecraft:time_since_rest":2664,"minecraft:open_chest":5,"minecraft:play_time":5865,"minecraft:sprint_one_cm":21018,"minecraft:walk_one_cm":24344,"minecraft:damage_taken":448,"minecraft:deaths":1,"minecraft:sneak_time":1,"minecraft:mob_kills":1,"minecraft:jump":157,"minecraft:damage_dealt":179,"minecraft:time_since_death":3958,"minecraft:sleep_in_bed":1,"minecraft:total_world_time":5865,"minecraft:fall_one_cm":2301,"minecraft:fly_one_cm":37788}},"DataVersion":2730}