{"stats":{"minecraft:picked_up":{"minecraft:wooden_axe":2,"minecraft:crafting_table":5,"minecraft:iron_chestplate":2,"minecraft:wheat":35,"minecraft:chicken":1,"minecraft:wooden_pickaxe":2,"minecraft:pink_wool":1,"minecraft:oak_stairs":51,"minecraft:birch_button":10,"minecraft:string":2,"minecraft:oak_trapdoor":1,"minecraft:cornflower":17,"minecraft:iron_axe":1,"minecraft:iron_leggings":1,"minecraft:beetroot":1,"minecraft:gold_nugget":3,"minecraft:cobbled_deepslate":4,"minecraft:beef":12,"minecraft:light_gray_wool":2,"minecraft:poppy":9,"minecraft:iron_pickaxe":3,"minecraft:chest":1,"minecraft:sugar_cane":20,"minecraft:birch_sapling":9,"minecraft:egg":1,"minecraft:furnace":5,"minecraft:sandstone":18,"minecraft:stick":11,"minecraft:raw_iron":46,"minecraft:stone":2,"minecraft:oak_door":3,"minecraft:composter":1,"minecraft:torch":5,"minecraft:porkchop":32,"minecraft:diorite":31,"minecraft:carrot":50,"minecraft:redstone":37,"minecraft:tnt":1,"minecraft:arrow":11,"minecraft:rotten_flesh":8,"minecraft:mutton":16,"minecraft:bone_block":105,"minecraft:white_wool":16,"minecraft:cobblestone":437,"minecraft:birch_log":360,"minecraft:feather":4,"minecraft:cooked_beef":1,"minecraft:andesite":29,"minecraft:leather":4,"minecraft:potato":30,"minecraft:filled_map":1,"minecraft:birch_planks":112,"minecraft:oak_log":123,"minecraft:lily_pad":11,"minecraft:yellow_bed":19,"minecraft:gunpowder":1,"minecraft:lapis_lazuli":9,"minecraft:dirt":207,"minecraft:cooked_mutton":14,"minecraft:bone":14,"minecraft:kelp":12,"minecraft:bow":4,"minecraft:wheat_seeds":135,"minecraft:raw_gold":14,"minecraft:bell":1,"minecraft:stone_pickaxe":3,"minecraft:iron_ingot":8,"minecraft:oak_planks":75,"minecraft:cooked_porkchop":1,"minecraft:birch_boat":4,"minecraft:gravel":11,"minecraft:sand":39,"minecraft:spruce_log":8,"minecraft:white_bed":24,"minecraft:mossy_cobblestone":5,"minecraft:diamond":2,"minecraft:granite":1,"minecraft:gray_wool":1,"minecraft:oak_sapling":19,"minecraft:coal":177},"minecraft:mined":{"minecraft:diamond_ore":4,"minecraft:white_bed":18,"minecraft:mossy_cobblestone":5,"minecraft:granite":1,"minecraft:grass_block":164,"minecraft:spruce_leaves":1,"minecraft:composter":1,"minecraft:sandstone":1,"minecraft:redstone_ore":10,"minecraft:oak_trapdoor":1,"minecraft:furnace":4,"minecraft:carrots":17,"minecraft:iron_ore":59,"minecraft:andesite":2,"minecraft:bell":1,"minecraft:potatoes":6,"minecraft:oak_stairs":51,"minecraft:stone":289,"minecraft:bone_block":110,"minecraft:glass_pane":3,"minecraft:soul_fire":4,"minecraft:crafting_table":6,"minecraft:cornflower":9,"minecraft:torch":1,"minecraft:poppy":8,"minecraft:tall_grass":43,"minecraft:cobblestone":40,"minecraft:lily_pad":8,"minecraft:sugar_cane":9,"minecraft:oak_planks":57,"minecraft:diorite":20,"minecraft:birch_sapling":1,"minecraft:birch_log":235,"minecraft:wheat":32,"minecraft:spruce_log":8,"minecraft:birch_leaves":5,"minecraft:tnt":2,"minecraft:yellow_bed":14,"minecraft:grass":350,"minecraft:oak_log":109,"minecraft:coal_ore":64,"minecraft:gravel":11,"minecraft:sand":16,"minecraft:dirt":11,"minecraft:gold_ore":7,"minecraft:oak_leaves":14,"minecraft:deepslate":7},"minecraft:used":{"minecraft:oak_trapdoor":7,"minecraft:iron_shovel":181,"minecraft:chest":1,"minecraft:shield":3,"minecraft:bell":1,"minecraft:cooked_chicken":1,"minecraft:dirt":176,"minecraft:mutton":2,"minecraft:carrot":14,"minecraft:wooden_axe":95,"minecraft:iron_axe":318,"minecraft:oak_stairs":1,"minecraft:birch_sapling":1,"minecraft:furnace":6,"minecraft:cooked_beef":1,"minecraft:cooked_mutton":13,"minecraft:diorite":1,"minecraft:stone_pickaxe":164,"minecraft:oak_planks":207,"minecraft:birch_boat":5,"minecraft:wooden_pickaxe":13,"minecraft:sandstone":16,"minecraft:mossy_cobblestone":5,"minecraft:sand":1,"minecraft:crafting_table":10,"minecraft:white_bed":10,"minecraft:diamond_pickaxe":257,"minecraft:bread":9,"minecraft:iron_pickaxe":209,"minecraft:stone_axe":130,"minecraft:wooden_sword":108,"minecraft:cobblestone":156,"minecraft:cooked_porkchop":4,"minecraft:porkchop":7,"minecraft:andesite":6,"minecraft:yellow_bed":11,"minecraft:oak_boat":1},"minecraft:killed":{"minecraft:spider":2,"minecraft:skeleton":4,"minecraft:chicken":1,"minecraft:pig":8,"minecraft:iron_golem":1,"minecraft:creeper":1,"minecraft:sheep":9,"minecraft:zombie":7,"minecraft:cow":7},"minecraft:broken":{"minecraft:iron_axe":1,"minecraft:stone_axe":1,"minecraft:wooden_axe":1},"minecraft:killed_by":{"minecraft:ghast":1,"minecraft:player":1,"minecraft:iron_golem":2,"minecraft:zombie":2},"minecraft:crafted":{"minecraft:wooden_sword":1,"minecraft:oak_planks":376,"minecraft:birch_boat":1,"minecraft:cooked_chicken":1,"minecraft:furnace":2,"minecraft:cooked_mutton":6,"minecraft:oak_trapdoor":6,"minecraft:iron_boots":1,"minecraft:iron_axe":2,"minecraft:stone_pickaxe":2,"minecraft:chest":1,"minecraft:birch_button":2,"minecraft:cooked_beef":1,"minecraft:cooked_porkchop":19,"minecraft:crafting_table":6,"minecraft:iron_helmet":1,"minecraft:wooden_pickaxe":4,"minecraft:stone_axe":1,"minecraft:bread":1,"minecraft:air":0,"minecraft:oak_boat":1,"minecraft:iron_chestplate":1,"minecraft:diamond_pickaxe":1,"minecraft:shield":1,"minecraft:stick":48,"minecraft:iron_ingot":36,"minecraft:iron_pickaxe":2,"minecraft:wooden_axe":3,"minecraft:iron_shovel":1,"minecraft:iron_leggings":1,"minecraft:white_bed":2},"minecraft:custom":{"minecraft:mob_kills":40,"minecraft:interact_with_crafting_table":38,"minecraft:bell_ring":10,"minecraft:leave_game":11,"minecraft:time_since_death":11924,"minecraft:climb_one_cm":2738,"minecraft:sprint_one_cm":393154,"minecraft:walk_one_cm":546618,"minecraft:damage_blocked_by_shield":85,"minecraft:drop":52,"minecraft:talked_to_villager":1,"minecraft:play_time":203815,"minecraft:deaths":6,"minecraft:sneak_time":5280,"minecraft:walk_under_water_one_cm":9698,"minecraft:boat_one_cm":473748,"minecraft:jump":3960,"minecraft:interact_with_brewingstand":1,"minecraft:interact_with_blast_furnace":2,"minecraft:walk_on_water_one_cm":15461,"minecraft:total_world_time":203815,"minecraft:interact_with_furnace":97,"minecraft:sleep_in_bed":11,"minecraft:time_since_rest":12043,"minecraft:damage_taken":3316,"minecraft:damage_dealt":5885,"minecraft:swim_one_cm":4463,"minecraft:fly_one_cm":553724,"minecraft:open_chest":38,"minecraft:crouch_one_cm":16800,"minecraft:fall_one_cm":70344},"minecraft:dropped":{"minecraft:iron_ingot":2,"minecraft:birch_planks":8,"minecraft:porkchop":9,"minecraft:wheat_seeds":10,"minecraft:tnt":1,"minecraft:feather":2,"minecraft:stick":27,"minecraft:dirt":9,"minecraft:wooden_axe":1,"minecraft:iron_leggings":1,"minecraft:iron_axe":1,"minecraft:iron_pickaxe":2,"minecraft:paper":8,"minecraft:lily_pad":2,"minecraft:bone":3,"minecraft:beetroot":1,"minecraft:light_gray_wool":1,"minecraft:white_bed":8,"minecraft:filled_map":1,"minecraft:andesite":12,"minecraft:yellow_bed":4,"minecraft:sandstone":2,"minecraft:birch_button":12,"minecraft:arrow":4,"minecraft:bow":2,"minecraft:wooden_pickaxe":2,"minecraft:stone_pickaxe":3,"minecraft:raw_gold":14,"minecraft:egg":1}},"DataVersion":2730}