{"stats":{"minecraft:picked_up":{"minecraft:raw_iron":12,"minecraft:oak_door":1,"minecraft:torch":2,"minecraft:oak_stairs":51,"minecraft:oak_log":63,"minecraft:diorite":1,"minecraft:white_bed":9,"minecraft:yellow_bed":4,"minecraft:oak_trapdoor":1,"minecraft:dirt":15,"minecraft:mossy_cobblestone":5,"minecraft:cooked_mutton":7,"minecraft:arrow":5,"minecraft:bone":3,"minecraft:bow":1,"minecraft:wheat_seeds":5,"minecraft:stone_pickaxe":1,"minecraft:oak_sapling":1,"minecraft:birch_sapling":2,"minecraft:oak_planks":58,"minecraft:coal":9,"minecraft:cobblestone":84},"minecraft:mined":{"minecraft:oak_trapdoor":1,"minecraft:white_bed":9,"minecraft:glass_pane":3,"minecraft:mossy_cobblestone":5,"minecraft:iron_ore":12,"minecraft:yellow_bed":4,"minecraft:grass":37,"minecraft:coal_ore":9,"minecraft:oak_log":64,"minecraft:oak_stairs":51,"minecraft:tall_grass":11,"minecraft:cobblestone":34,"minecraft:stone":51,"minecraft:oak_planks":55,"minecraft:diorite":1},"minecraft:used":{"minecraft:oak_trapdoor":7,"minecraft:wooden_axe":23,"minecraft:oak_stairs":1,"minecraft:bread":8,"minecraft:stone_pickaxe":108,"minecraft:oak_planks":203,"minecraft:wooden_pickaxe":7,"minecraft:stone_axe":130,"minecraft:mossy_cobblestone":4,"minecraft:dirt":15,"minecraft:cobblestone":35,"minecraft:crafting_table":2,"minecraft:white_bed":1},"minecraft:killed":{"minecraft:skeleton":1},"minecraft:broken":{"minecraft:stone_axe":1},"minecraft:killed_by":{"minecraft:zombie":1},"minecraft:crafted":{"minecraft:oak_planks":184,"minecraft:crafting_table":2,"minecraft:stick":12,"minecraft:wooden_pickaxe":1,"minecraft:stone_pickaxe":1,"minecraft:wooden_axe":1,"minecraft:stone_axe":1,"minecraft:oak_trapdoor":6},"minecraft:dropped":{"minecraft:yellow_bed":4,"minecraft:white_bed":8},"minecraft:custom":{"minecraft:time_since_rest":14628,"minecraft:interact_with_furnace":3,"minecraft:sprint_one_cm":59967,"minecraft:damage_taken":708,"minecraft:walk_one_cm":104169,"minecraft:mob_kills":1,"minecraft:drop":12,"minecraft:damage_dealt":294,"minecraft:talked_to_villager":1,"minecraft:interact_with_crafting_table":3,"minecraft:fly_one_cm":97322,"minecraft:open_chest":6,"minecraft:crouch_one_cm":8130,"minecraft:play_time":35865,"minecraft:deaths":1,"minecraft:sneak_time":2469,"minecraft:walk_under_water_one_cm":176,"minecraft:jump":578,"minecraft:walk_on_water_one_cm":508,"minecraft:time_since_death":33958,"minecraft:sleep_in_bed":2,"minecraft:total_world_time":35865,"minecraft:fall_one_cm":7909}},"DataVersion":2730}