{"stats":{"minecraft:broken":{"minecraft:iron_shovel":6,"minecraft:stone_pickaxe":1,"minecraft:iron_axe":2,"minecraft:stone_axe":1,"minecraft:iron_pickaxe":1,"minecraft:wooden_axe":1},"minecraft:mined":{"minecraft:diamond_ore":4,"minecraft:white_bed":20,"minecraft:mossy_cobblestone":5,"minecraft:brewing_stand":1,"minecraft:granite":1,"minecraft:acacia_log":224,"minecraft:grass_block":896,"minecraft:spruce_leaves":1,"minecraft:kelp":3,"minecraft:composter":1,"minecraft:cartography_table":1,"minecraft:sandstone":1,"minecraft:tall_seagrass":4,"minecraft:redstone_ore":10,"minecraft:oak_trapdoor":1,"minecraft:furnace":6,"minecraft:carrots":17,"minecraft:iron_ore":137,"minecraft:barrel":1,"minecraft:andesite":18,"minecraft:bell":1,"minecraft:potatoes":6,"minecraft:dirt_path":11,"minecraft:oak_stairs":51,"minecraft:stripped_acacia_log":1,"minecraft:stone":464,"minecraft:bone_block":110,"minecraft:acacia_leaves":24,"minecraft:glass_pane":3,"minecraft:kelp_plant":8,"minecraft:melon_stem":3,"minecraft:smoker":1,"minecraft:soul_fire":4,"minecraft:dandelion":12,"minecraft:cornflower":9,"minecraft:crafting_table":9,"minecraft:torch":1,"minecraft:poppy":34,"minecraft:dead_bush":7,"minecraft:copper_ore":8,"minecraft:tall_grass":110,"minecraft:glass":13,"minecraft:cobblestone":40,"minecraft:lily_pad":8,"minecraft:oak_planks":57,"minecraft:sugar_cane":390,"minecraft:diorite":22,"minecraft:birch_sapling":1,"minecraft:seagrass":4,"minecraft:birch_log":235,"minecraft:wheat":143,"minecraft:spruce_log":8,"minecraft:birch_leaves":5,"minecraft:tnt":2,"minecraft:yellow_bed":14,"minecraft:grass":1368,"minecraft:coal_ore":95,"minecraft:oak_log":141,"minecraft:gravel":11,"minecraft:dirt":390,"minecraft:sand":487,"minecraft:gold_ore":7,"minecraft:oak_leaves":35,"minecraft:deepslate":7},"minecraft:crafted":{"minecraft:wooden_sword":1,"minecraft:oak_planks":392,"minecraft:cooked_chicken":1,"minecraft:birch_boat":1,"minecraft:furnace":8,"minecraft:cooked_mutton":7,"minecraft:oak_trapdoor":6,"minecraft:glass":120,"minecraft:iron_boots":2,"minecraft:iron_axe":4,"minecraft:iron_hoe":1,"minecraft:stone_pickaxe":3,"minecraft:chest":3,"minecraft:birch_button":2,"minecraft:wheat":81,"minecraft:cooked_beef":2,"minecraft:cooked_porkchop":20,"minecraft:crafting_table":7,"minecraft:wooden_pickaxe":5,"minecraft:iron_helmet":2,"minecraft:iron_sword":1,"minecraft:bucket":4,"minecraft:stone_axe":1,"minecraft:bread":20,"minecraft:air":0,"minecraft:oak_boat":1,"minecraft:paper":135,"minecraft:iron_chestplate":2,"minecraft:diamond_pickaxe":1,"minecraft:shield":1,"minecraft:stick":56,"minecraft:iron_ingot":88,"minecraft:iron_pickaxe":3,"minecraft:wooden_axe":3,"minecraft:iron_shovel":6,"minecraft:iron_leggings":2,"minecraft:white_bed":2,"minecraft:acacia_planks":24},"minecraft:dropped":{"minecraft:iron_ingot":8,"minecraft:birch_planks":8,"minecraft:porkchop":9,"minecraft:wheat_seeds":31,"minecraft:tnt":1,"minecraft:crafting_table":1,"minecraft:feather":2,"minecraft:cobblestone":1,"minecraft:acacia_log":64,"minecraft:acacia_trapdoor":1,"minecraft:coal":1,"minecraft:stick":27,"minecraft:dirt":72,"minecraft:wooden_axe":2,"minecraft:iron_leggings":1,"minecraft:wooden_sword":1,"minecraft:iron_axe":1,"minecraft:iron_pickaxe":2,"minecraft:paper":8,"minecraft:lily_pad":2,"minecraft:white_wool":2,"minecraft:bucket":4,"minecraft:dandelion":1,"minecraft:bone":5,"minecraft:beetroot":1,"minecraft:light_gray_wool":2,"minecraft:white_bed":8,"minecraft:filled_map":1,"minecraft:gunpowder":1,"minecraft:andesite":12,"minecraft:yellow_bed":4,"minecraft:sandstone":2,"minecraft:birch_button":12,"minecraft:arrow":6,"minecraft:bow":2,"minecraft:stone_pickaxe":3,"minecraft:wooden_pickaxe":4,"minecraft:raw_gold":14,"minecraft:egg":1},"minecraft:picked_up":{"minecraft:wooden_axe":2,"minecraft:iron_chestplate":2,"minecraft:crafting_table":10,"minecraft:wheat":135,"minecraft:chicken":1,"minecraft:clay_ball":40,"minecraft:golden_pickaxe":2,"minecraft:wooden_pickaxe":3,"minecraft:pink_wool":1,"minecraft:oak_stairs":51,"minecraft:birch_button":10,"minecraft:brewing_stand":1,"minecraft:cornflower":17,"minecraft:oak_trapdoor":1,"minecraft:string":2,"minecraft:raw_copper":19,"minecraft:iron_axe":2,"minecraft:wooden_sword":1,"minecraft:iron_leggings":1,"minecraft:iron_shovel":2,"minecraft:beetroot":1,"minecraft:cartography_table":1,"minecraft:gold_nugget":3,"minecraft:cobbled_deepslate":4,"minecraft:bucket":3,"minecraft:beef":12,"minecraft:poppy":45,"minecraft:iron_pickaxe":5,"minecraft:light_gray_wool":3,"minecraft:sugar_cane":514,"minecraft:chest":1,"minecraft:birch_sapling":9,"minecraft:furnace":7,"minecraft:egg":6,"minecraft:stick":51,"minecraft:raw_iron":142,"minecraft:sandstone":18,"minecraft:stone":2,"minecraft:oak_door":3,"minecraft:composter":9,"minecraft:torch":15,"minecraft:acacia_log":218,"minecraft:porkchop":35,"minecraft:diorite":33,"minecraft:carrot":50,"minecraft:redstone":37,"minecraft:tnt":1,"minecraft:orange_bed":1,"minecraft:arrow":19,"minecraft:rotten_flesh":8,"minecraft:hay_block":9,"minecraft:mutton":16,"minecraft:bone_block":105,"minecraft:white_wool":18,"minecraft:cobblestone":647,"minecraft:birch_log":363,"minecraft:feather":4,"minecraft:cooked_beef":1,"minecraft:andesite":48,"minecraft:leather":7,"minecraft:smoker":1,"minecraft:potato":30,"minecraft:filled_map":1,"minecraft:birch_planks":112,"minecraft:oak_log":177,"minecraft:lily_pad":11,"minecraft:yellow_bed":19,"minecraft:gunpowder":2,"minecraft:lapis_lazuli":9,"minecraft:dirt":1775,"minecraft:cooked_mutton":14,"minecraft:glass":64,"minecraft:bone":20,"minecraft:acacia_planks":5,"minecraft:kelp":15,"minecraft:bow":4,"minecraft:wheat_seeds":695,"minecraft:acacia_trapdoor":1,"minecraft:raw_gold":14,"minecraft:bell":1,"minecraft:iron_ingot":43,"minecraft:stone_pickaxe":3,"minecraft:oak_planks":133,"minecraft:acacia_sapling":52,"minecraft:cooked_porkchop":1,"minecraft:birch_boat":4,"minecraft:dandelion":18,"minecraft:gravel":11,"minecraft:sand":492,"minecraft:white_bed":40,"minecraft:spruce_log":8,"minecraft:mossy_cobblestone":5,"minecraft:iron_hoe":4,"minecraft:diamond":2,"minecraft:granite":1,"minecraft:gray_wool":1,"minecraft:emerald":3,"minecraft:bread":4,"minecraft:oak_sapling":20,"minecraft:acacia_slab":1,"minecraft:melon_seeds":6,"minecraft:coal":413},"minecraft:custom":{"minecraft:mob_kills":42,"minecraft:animals_bred":5,"minecraft:interact_with_crafting_table":73,"minecraft:bell_ring":10,"minecraft:leave_game":19,"minecraft:time_since_death":55572,"minecraft:climb_one_cm":2738,"minecraft:sprint_one_cm":788736,"minecraft:damage_blocked_by_shield":85,"minecraft:walk_one_cm":1243814,"minecraft:drop":110,"minecraft:talked_to_villager":2,"minecraft:play_time":377501,"minecraft:deaths":8,"minecraft:sneak_time":7968,"minecraft:walk_under_water_one_cm":15396,"minecraft:boat_one_cm":473748,"minecraft:interact_with_brewingstand":1,"minecraft:jump":7457,"minecraft:interact_with_blast_furnace":2,"minecraft:walk_on_water_one_cm":46461,"minecraft:total_world_time":377501,"minecraft:interact_with_furnace":177,"minecraft:sleep_in_bed":22,"minecraft:time_since_rest":10857,"minecraft:damage_taken":4040,"minecraft:damage_dealt":6165,"minecraft:swim_one_cm":6469,"minecraft:fly_one_cm":1154287,"minecraft:open_chest":79,"minecraft:crouch_one_cm":25788,"minecraft:fall_one_cm":155970},"minecraft:killed_by":{"minecraft:ghast":1,"minecraft:player":1,"minecraft:iron_golem":2,"minecraft:zombie":2},"minecraft:killed":{"minecraft:spider":2,"minecraft:skeleton":4,"minecraft:chicken":1,"minecraft:pig":10,"minecraft:iron_golem":1,"minecraft:creeper":1,"minecraft:sheep":9,"minecraft:zombie":7,"minecraft:cow":7},"minecraft:used":{"minecraft:oak_trapdoor":7,"minecraft:iron_shovel":1834,"minecraft:poppy":1,"minecraft:chest":4,"minecraft:shield":3,"minecraft:iron_sword":13,"minecraft:bell":1,"minecraft:cooked_chicken":1,"minecraft:dirt":603,"minecraft:mutton":2,"minecraft:carrot":17,"minecraft:iron_hoe":249,"minecraft:glass":92,"minecraft:wooden_axe":107,"minecraft:iron_axe":649,"minecraft:oak_stairs":1,"minecraft:birch_sapling":1,"minecraft:furnace":13,"minecraft:cooked_beef":2,"minecraft:wheat_seeds":69,"minecraft:cooked_mutton":14,"minecraft:water_bucket":158,"minecraft:diorite":1,"minecraft:stone_pickaxe":295,"minecraft:oak_planks":207,"minecraft:wooden_pickaxe":18,"minecraft:birch_boat":5,"minecraft:sandstone":16,"minecraft:sugar_cane":329,"minecraft:mossy_cobblestone":5,"minecraft:sand":3,"minecraft:crafting_table":14,"minecraft:white_bed":25,"minecraft:diamond_pickaxe":257,"minecraft:bread":28,"minecraft:iron_pickaxe":404,"minecraft:stone_axe":130,"minecraft:cobblestone":156,"minecraft:wooden_sword":134,"minecraft:porkchop":7,"minecraft:cooked_porkchop":5,"minecraft:andesite":6,"minecraft:bucket":158,"minecraft:yellow_bed":11,"minecraft:oak_boat":1,"minecraft:golden_pickaxe":1}},"DataVersion":2730}