{"stats":{"minecraft:dropped":{"minecraft:birch_planks":8,"minecraft:porkchop":9,"minecraft:crafting_table":1,"minecraft:flint":14,"minecraft:dirt":72,"minecraft:gold_nugget":1,"minecraft:wooden_sword":1,"minecraft:iron_pickaxe":2,"minecraft:white_wool":2,"minecraft:bone":5,"minecraft:gravel":55,"minecraft:wheat":16,"minecraft:beetroot":1,"minecraft:white_bed":8,"minecraft:gunpowder":1,"minecraft:birch_button":12,"minecraft:arrow":6,"minecraft:egg":1,"minecraft:iron_ingot":8,"minecraft:bread":9,"minecraft:wheat_seeds":34,"minecraft:tnt":1,"minecraft:feather":2,"minecraft:cobblestone":1,"minecraft:acacia_log":64,"minecraft:acacia_trapdoor":1,"minecraft:coal":1,"minecraft:stick":27,"minecraft:wooden_axe":2,"minecraft:iron_leggings":1,"minecraft:iron_axe":1,"minecraft:paper":8,"minecraft:lily_pad":2,"minecraft:bucket":4,"minecraft:dandelion":2,"minecraft:light_gray_wool":2,"minecraft:filled_map":1,"minecraft:andesite":12,"minecraft:yellow_bed":4,"minecraft:sandstone":2,"minecraft:bow":2,"minecraft:stone_pickaxe":3,"minecraft:wooden_pickaxe":4,"minecraft:raw_gold":14},"minecraft:broken":{"minecraft:iron_shovel":6,"minecraft:golden_boots":1,"minecraft:stone_pickaxe":1,"minecraft:stone_axe":1,"minecraft:iron_sword":1,"minecraft:wooden_axe":1,"minecraft:iron_axe":2,"minecraft:iron_pickaxe":4},"minecraft:crafted":{"minecraft:oak_planks":500,"minecraft:cobblestone_slab":870,"minecraft:cooked_chicken":1,"minecraft:birch_boat":1,"minecraft:stone":623,"minecraft:bookshelf":4,"minecraft:cooked_mutton":7,"minecraft:glass":178,"minecraft:hopper":25,"minecraft:repeater":20,"minecraft:bow":12,"minecraft:iron_boots":2,"minecraft:comparator":1,"minecraft:chest":34,"minecraft:birch_button":2,"minecraft:golden_boots":1,"minecraft:dropper":1,"minecraft:oak_slab":6,"minecraft:emerald":1,"minecraft:cooked_porkchop":20,"minecraft:crafting_table":8,"minecraft:acacia_slab":18,"minecraft:wooden_pickaxe":5,"minecraft:iron_helmet":2,"minecraft:dispenser":12,"minecraft:lectern":4,"minecraft:diamond_pickaxe":2,"minecraft:iron_chestplate":2,"minecraft:book":12,"minecraft:paper":135,"minecraft:shield":2,"minecraft:stick":188,"minecraft:iron_ingot":271,"minecraft:iron_pickaxe":6,"minecraft:gold_ingot":4,"minecraft:redstone_torch":43,"minecraft:wooden_sword":1,"minecraft:furnace":8,"minecraft:oak_trapdoor":6,"minecraft:iron_axe":6,"minecraft:iron_hoe":1,"minecraft:stone_pickaxe":3,"minecraft:observer":10,"minecraft:wheat":81,"minecraft:cooked_beef":25,"minecraft:iron_sword":1,"minecraft:bucket":14,"minecraft:stone_axe":1,"minecraft:bread":28,"minecraft:air":0,"minecraft:oak_boat":1,"minecraft:wooden_axe":3,"minecraft:iron_shovel":7,"minecraft:iron_leggings":2,"minecraft:white_bed":2,"minecraft:acacia_planks":308},"minecraft:killed_by":{"minecraft:ghast":1,"minecraft:zombie":2,"minecraft:player":1,"minecraft:iron_golem":2},"minecraft:picked_up":{"minecraft:wooden_axe":2,"minecraft:iron_chestplate":2,"minecraft:wheat":208,"minecraft:oak_stairs":51,"minecraft:birch_button":10,"minecraft:brewing_stand":2,"minecraft:string":39,"minecraft:raw_copper":19,"minecraft:iron_leggings":1,"minecraft:beetroot":1,"minecraft:gold_nugget":4,"minecraft:cobbled_deepslate":4,"minecraft:bucket":3,"minecraft:cobblestone_slab":10,"minecraft:iron_pickaxe":5,"minecraft:furnace":7,"minecraft:stick":53,"minecraft:composter":9,"minecraft:torch":15,"minecraft:acacia_log":218,"minecraft:porkchop":35,"minecraft:diorite":62,"minecraft:orange_bed":1,"minecraft:rotten_flesh":25,"minecraft:cobblestone":1780,"minecraft:birch_log":363,"minecraft:feather":4,"minecraft:cooked_beef":1,"minecraft:andesite":52,"minecraft:smoker":1,"minecraft:potato":30,"minecraft:flint":19,"minecraft:lapis_lazuli":9,"minecraft:dirt":1804,"minecraft:glass":64,"minecraft:bone":31,"minecraft:acacia_planks":5,"minecraft:bow":5,"minecraft:wheat_seeds":915,"minecraft:raw_gold":14,"minecraft:bell":1,"minecraft:oak_planks":133,"minecraft:cooked_porkchop":1,"minecraft:sand":498,"minecraft:mossy_cobblestone":5,"minecraft:iron_hoe":4,"minecraft:diamond":2,"minecraft:granite":5,"minecraft:bread":10,"minecraft:emerald":3,"minecraft:oak_sapling":20,"minecraft:netherrack":5,"minecraft:crafting_table":10,"minecraft:chicken":2,"minecraft:clay_ball":40,"minecraft:golden_pickaxe":2,"minecraft:wooden_pickaxe":3,"minecraft:pink_wool":1,"minecraft:cornflower":17,"minecraft:oak_trapdoor":1,"minecraft:iron_axe":2,"minecraft:wooden_sword":1,"minecraft:iron_shovel":3,"minecraft:cartography_table":2,"minecraft:beef":42,"minecraft:chest":1,"minecraft:light_gray_wool":3,"minecraft:observer":4,"minecraft:poppy":47,"minecraft:lectern":38,"minecraft:sugar_cane":1220,"minecraft:birch_sapling":9,"minecraft:egg":10,"minecraft:raw_iron":147,"minecraft:sandstone":18,"minecraft:stone":10,"minecraft:oak_door":3,"minecraft:carrot":50,"minecraft:redstone":37,"minecraft:tnt":1,"minecraft:arrow":27,"minecraft:hay_block":9,"minecraft:mutton":19,"minecraft:white_wool":20,"minecraft:bone_block":105,"minecraft:leather":21,"minecraft:filled_map":1,"minecraft:birch_planks":112,"minecraft:oak_log":177,"minecraft:lily_pad":11,"minecraft:yellow_bed":19,"minecraft:gunpowder":5,"minecraft:cooked_mutton":14,"minecraft:kelp":15,"minecraft:acacia_trapdoor":1,"minecraft:iron_ingot":44,"minecraft:stone_pickaxe":3,"minecraft:acacia_sapling":52,"minecraft:birch_boat":4,"minecraft:quartz":35,"minecraft:dandelion":18,"minecraft:gravel":144,"minecraft:white_bed":40,"minecraft:spruce_log":8,"minecraft:spider_eye":9,"minecraft:gray_wool":1,"minecraft:acacia_slab":1,"minecraft:melon_seeds":16,"minecraft:coal":434},"minecraft:custom":{"minecraft:animals_bred":15,"minecraft:interact_with_crafting_table":157,"minecraft:bell_ring":10,"minecraft:leave_game":24,"minecraft:time_since_death":271936,"minecraft:sprint_one_cm":1033205,"minecraft:damage_blocked_by_shield":1005,"minecraft:drop":149,"minecraft:talked_to_villager":63,"minecraft:play_time":593865,"minecraft:deaths":8,"minecraft:jump":10434,"minecraft:interact_with_brewingstand":1,"minecraft:walk_on_water_one_cm":153662,"minecraft:interact_with_furnace":382,"minecraft:traded_with_villager":1,"minecraft:sleep_in_bed":31,"minecraft:damage_dealt":20201,"minecraft:crouch_one_cm":105241,"minecraft:inspect_dispenser":6,"minecraft:mob_kills":129,"minecraft:inspect_hopper":1,"minecraft:climb_one_cm":2738,"minecraft:walk_one_cm":1722203,"minecraft:sneak_time":28082,"minecraft:walk_under_water_one_cm":34275,"minecraft:boat_one_cm":473748,"minecraft:interact_with_blast_furnace":2,"minecraft:total_world_time":593865,"minecraft:time_since_rest":52773,"minecraft:damage_taken":6192,"minecraft:swim_one_cm":39584,"minecraft:fly_one_cm":1530684,"minecraft:open_chest":275,"minecraft:fall_one_cm":207401},"minecraft:mined":{"minecraft:attached_melon_stem":1,"minecraft:white_bed":20,"minecraft:brewing_stand":2,"minecraft:granite":5,"minecraft:acacia_log":224,"minecraft:grass_block":897,"minecraft:composter":1,"minecraft:hopper":1,"minecraft:tall_seagrass":4,"minecraft:iron_ore":142,"minecraft:barrel":1,"minecraft:dirt_path":11,"minecraft:oak_stairs":51,"minecraft:tripwire":1,"minecraft:kelp_plant":8,"minecraft:melon_stem":7,"minecraft:smoker":1,"minecraft:soul_fire":4,"minecraft:torch":1,"minecraft:poppy":35,"minecraft:dead_bush":7,"minecraft:glass":13,"minecraft:nether_quartz_ore":35,"minecraft:cobblestone":296,"minecraft:sugar_cane":859,"minecraft:oak_planks":57,"minecraft:birch_sapling":1,"minecraft:seagrass":4,"minecraft:birch_log":235,"minecraft:wheat":218,"minecraft:tnt":2,"minecraft:grass":1442,"minecraft:oak_log":141,"minecraft:sand":492,"minecraft:dirt":400,"minecraft:netherrack":5,"minecraft:oak_leaves":35,"minecraft:deepslate":7,"minecraft:diamond_ore":4,"minecraft:mossy_cobblestone":5,"minecraft:spruce_leaves":1,"minecraft:cartography_table":2,"minecraft:kelp":3,"minecraft:sandstone":1,"minecraft:redstone_ore":10,"minecraft:oak_trapdoor":1,"minecraft:furnace":6,"minecraft:carrots":17,"minecraft:andesite":22,"minecraft:bell":1,"minecraft:potatoes":6,"minecraft:cobblestone_slab":16,"minecraft:stripped_acacia_log":1,"minecraft:stone":1365,"minecraft:bone_block":110,"minecraft:acacia_leaves":24,"minecraft:glass_pane":3,"minecraft:observer":2,"minecraft:dandelion":12,"minecraft:crafting_table":9,"minecraft:cornflower":9,"minecraft:lectern":38,"minecraft:tall_grass":130,"minecraft:copper_ore":8,"minecraft:lily_pad":8,"minecraft:diorite":51,"minecraft:spruce_log":8,"minecraft:birch_leaves":5,"minecraft:yellow_bed":14,"minecraft:coal_ore":116,"minecraft:gravel":157,"minecraft:gold_ore":7},"minecraft:used":{"minecraft:iron_shovel":1980,"minecraft:dispenser":12,"minecraft:poppy":1,"minecraft:chest":8,"minecraft:shield":40,"minecraft:stone":243,"minecraft:iron_sword":315,"minecraft:bell":1,"minecraft:mutton":2,"minecraft:carrot":17,"minecraft:glass":92,"minecraft:birch_sapling":1,"minecraft:furnace":13,"minecraft:diorite":1,"minecraft:stone_pickaxe":295,"minecraft:oak_planks":207,"minecraft:wooden_pickaxe":18,"minecraft:sandstone":16,"minecraft:sugar_cane":342,"minecraft:sand":3,"minecraft:bread":37,"minecraft:string":1,"minecraft:lectern":42,"minecraft:gravel":64,"minecraft:wooden_sword":134,"minecraft:andesite":8,"minecraft:oak_boat":1,"minecraft:golden_pickaxe":1,"minecraft:oak_trapdoor":7,"minecraft:cooked_chicken":1,"minecraft:dirt":614,"minecraft:hopper":26,"minecraft:granite":4,"minecraft:iron_hoe":249,"minecraft:wooden_axe":107,"minecraft:iron_axe":729,"minecraft:oak_stairs":1,"minecraft:acacia_slab":2,"minecraft:cooked_beef":18,"minecraft:observer":12,"minecraft:wheat_seeds":143,"minecraft:cooked_mutton":20,"minecraft:water_bucket":227,"minecraft:birch_boat":5,"minecraft:cobblestone_slab":410,"minecraft:mossy_cobblestone":5,"minecraft:oak_slab":2,"minecraft:crafting_table":16,"minecraft:white_bed":25,"minecraft:diamond_pickaxe":657,"minecraft:iron_pickaxe":1290,"minecraft:stone_axe":130,"minecraft:cobblestone":560,"minecraft:porkchop":7,"minecraft:cooked_porkchop":5,"minecraft:bucket":228,"minecraft:yellow_bed":11},"minecraft:killed":{"minecraft:zombified_piglin":1,"minecraft:spider":19,"minecraft:skeleton":16,"minecraft:chicken":2,"minecraft:pig":10,"minecraft:iron_golem":1,"minecraft:creeper":2,"minecraft:sheep":11,"minecraft:zombie":35,"minecraft:cow":21,"minecraft:drowned":1,"minecraft:bat":1,"minecraft:enderman":1}},"DataVersion":2730}