{"stats":{"minecraft:broken":{"minecraft:iron_axe":1,"minecraft:stone_axe":1,"minecraft:wooden_axe":1},"minecraft:mined":{"minecraft:white_bed":18,"minecraft:glass_pane":3,"minecraft:mossy_cobblestone":5,"minecraft:cornflower":9,"minecraft:crafting_table":3,"minecraft:grass_block":164,"minecraft:poppy":8,"minecraft:tall_grass":35,"minecraft:cobblestone":35,"minecraft:lily_pad":7,"minecraft:oak_planks":57,"minecraft:sugar_cane":2,"minecraft:composter":1,"minecraft:diorite":2,"minecraft:birch_sapling":1,"minecraft:oak_trapdoor":1,"minecraft:furnace":2,"minecraft:carrots":4,"minecraft:birch_log":219,"minecraft:iron_ore":33,"minecraft:birch_leaves":4,"minecraft:yellow_bed":10,"minecraft:bell":1,"minecraft:grass":310,"minecraft:coal_ore":19,"minecraft:oak_log":104,"minecraft:oak_stairs":51,"minecraft:dirt":11,"minecraft:stone":79,"minecraft:oak_leaves":2},"minecraft:crafted":{"minecraft:oak_planks":284,"minecraft:crafting_table":4,"minecraft:wooden_pickaxe":2,"minecraft:cooked_chicken":1,"minecraft:furnace":2,"minecraft:stone_axe":1,"minecraft:bread":1,"minecraft:cooked_mutton":6,"minecraft:air":0,"minecraft:oak_trapdoor":6,"minecraft:oak_boat":1,"minecraft:iron_boots":1,"minecraft:iron_chestplate":1,"minecraft:shield":1,"minecraft:iron_axe":2,"minecraft:stick":24,"minecraft:iron_ingot":26,"minecraft:stone_pickaxe":2,"minecraft:iron_pickaxe":2,"minecraft:wooden_axe":2,"minecraft:iron_shovel":1,"minecraft:white_bed":2,"minecraft:birch_button":2},"minecraft:dropped":{"minecraft:iron_ingot":2,"minecraft:wheat_seeds":9,"minecraft:feather":2,"minecraft:white_bed":8,"minecraft:wooden_axe":1,"minecraft:yellow_bed":4,"minecraft:birch_button":10,"minecraft:iron_axe":1,"minecraft:bow":1,"minecraft:stone_pickaxe":3,"minecraft:wooden_pickaxe":2,"minecraft:iron_pickaxe":2,"minecraft:lily_pad":2,"minecraft:bone":3,"minecraft:egg":1},"minecraft:picked_up":{"minecraft:wooden_axe":2,"minecraft:birch_log":344,"minecraft:iron_chestplate":1,"minecraft:crafting_table":2,"minecraft:wheat":5,"minecraft:feather":4,"minecraft:chicken":1,"minecraft:wooden_pickaxe":2,"minecraft:oak_stairs":51,"minecraft:pink_wool":1,"minecraft:potato":9,"minecraft:birch_planks":64,"minecraft:birch_button":10,"minecraft:oak_log":118,"minecraft:lily_pad":2,"minecraft:yellow_bed":14,"minecraft:cornflower":9,"minecraft:oak_trapdoor":1,"minecraft:dirt":196,"minecraft:iron_axe":1,"minecraft:cooked_mutton":14,"minecraft:bone":11,"minecraft:beetroot":1,"minecraft:bow":4,"minecraft:wheat_seeds":50,"minecraft:gold_nugget":3,"minecraft:bell":1,"minecraft:iron_ingot":8,"minecraft:stone_pickaxe":3,"minecraft:poppy":9,"minecraft:iron_pickaxe":3,"minecraft:light_gray_wool":1,"minecraft:sugar_cane":6,"minecraft:birch_sapling":9,"minecraft:oak_planks":75,"minecraft:furnace":2,"minecraft:egg":1,"minecraft:raw_iron":29,"minecraft:stick":10,"minecraft:oak_door":3,"minecraft:composter":1,"minecraft:torch":4,"minecraft:porkchop":5,"minecraft:white_bed":24,"minecraft:diorite":4,"minecraft:carrot":4,"minecraft:mossy_cobblestone":5,"minecraft:arrow":9,"minecraft:rotten_flesh":6,"minecraft:oak_sapling":19,"minecraft:mutton":9,"minecraft:white_wool":14,"minecraft:coal":31,"minecraft:cobblestone":198},"minecraft:custom":{"minecraft:interact_with_furnace":49,"minecraft:mob_kills":16,"minecraft:interact_with_crafting_table":22,"minecraft:bell_ring":10,"minecraft:leave_game":6,"minecraft:time_since_death":23955,"minecraft:sleep_in_bed":7,"minecraft:climb_one_cm":2680,"minecraft:time_since_rest":9227,"minecraft:sprint_one_cm":189904,"minecraft:damage_taken":2091,"minecraft:walk_one_cm":325964,"minecraft:drop":33,"minecraft:damage_dealt":2656,"minecraft:talked_to_villager":1,"minecraft:fly_one_cm":305225,"minecraft:open_chest":14,"minecraft:crouch_one_cm":9397,"minecraft:play_time":115332,"minecraft:deaths":5,"minecraft:sneak_time":3050,"minecraft:walk_under_water_one_cm":1192,"minecraft:boat_one_cm":54562,"minecraft:jump":2059,"minecraft:interact_with_brewingstand":1,"minecraft:interact_with_blast_furnace":2,"minecraft:walk_on_water_one_cm":4394,"minecraft:total_world_time":115332,"minecraft:fall_one_cm":29386},"minecraft:killed_by":{"minecraft:player":1,"minecraft:zombie":2,"minecraft:iron_golem":2},"minecraft:killed":{"minecraft:pig":3,"minecraft:iron_golem":1,"minecraft:sheep":5,"minecraft:skeleton":2,"minecraft:zombie":5,"minecraft:chicken":1},"minecraft:used":{"minecraft:oak_trapdoor":7,"minecraft:cooked_mutton":8,"minecraft:diorite":1,"minecraft:iron_shovel":181,"minecraft:stone_pickaxe":164,"minecraft:oak_planks":205,"minecraft:wooden_pickaxe":13,"minecraft:bell":1,"minecraft:mossy_cobblestone":5,"minecraft:dirt":176,"minecraft:mutton":2,"minecraft:crafting_table":6,"minecraft:white_bed":10,"minecraft:wooden_axe":77,"minecraft:iron_axe":259,"minecraft:oak_stairs":1,"minecraft:bread":9,"minecraft:birch_sapling":1,"minecraft:iron_pickaxe":7,"minecraft:stone_axe":130,"minecraft:cobblestone":135,"minecraft:furnace":2,"minecraft:porkchop":3,"minecraft:yellow_bed":6,"minecraft:oak_boat":1}},"DataVersion":2730}