{"stats":{"minecraft:picked_up":{"minecraft:wooden_axe":2,"minecraft:crafting_table":3,"minecraft:iron_chestplate":1,"minecraft:wheat":5,"minecraft:chicken":1,"minecraft:wooden_pickaxe":2,"minecraft:pink_wool":1,"minecraft:oak_stairs":51,"minecraft:birch_button":10,"minecraft:oak_trapdoor":1,"minecraft:cornflower":9,"minecraft:iron_axe":1,"minecraft:beetroot":1,"minecraft:gold_nugget":3,"minecraft:beef":3,"minecraft:light_gray_wool":1,"minecraft:poppy":9,"minecraft:iron_pickaxe":3,"minecraft:sugar_cane":6,"minecraft:birch_sapling":9,"minecraft:egg":1,"minecraft:furnace":2,"minecraft:stick":10,"minecraft:raw_iron":29,"minecraft:oak_door":3,"minecraft:composter":1,"minecraft:torch":4,"minecraft:porkchop":11,"minecraft:diorite":4,"minecraft:carrot":4,"minecraft:arrow":9,"minecraft:rotten_flesh":6,"minecraft:mutton":9,"minecraft:white_wool":14,"minecraft:cobblestone":198,"minecraft:birch_log":357,"minecraft:feather":4,"minecraft:leather":1,"minecraft:potato":9,"minecraft:birch_planks":64,"minecraft:oak_log":118,"minecraft:lily_pad":11,"minecraft:yellow_bed":15,"minecraft:dirt":196,"minecraft:cooked_mutton":14,"minecraft:bone":11,"minecraft:bow":4,"minecraft:wheat_seeds":50,"minecraft:bell":1,"minecraft:stone_pickaxe":3,"minecraft:iron_ingot":8,"minecraft:oak_planks":75,"minecraft:birch_boat":2,"minecraft:white_bed":24,"minecraft:mossy_cobblestone":5,"minecraft:oak_sapling":19,"minecraft:coal":31},"minecraft:mined":{"minecraft:white_bed":18,"minecraft:mossy_cobblestone":5,"minecraft:grass_block":164,"minecraft:composter":1,"minecraft:sandstone":1,"minecraft:oak_trapdoor":1,"minecraft:furnace":2,"minecraft:carrots":4,"minecraft:iron_ore":33,"minecraft:bell":1,"minecraft:oak_stairs":51,"minecraft:stone":79,"minecraft:glass_pane":3,"minecraft:crafting_table":4,"minecraft:cornflower":9,"minecraft:poppy":8,"minecraft:tall_grass":35,"minecraft:cobblestone":35,"minecraft:lily_pad":8,"minecraft:sugar_cane":2,"minecraft:oak_planks":57,"minecraft:diorite":2,"minecraft:birch_sapling":1,"minecraft:birch_log":232,"minecraft:birch_leaves":5,"minecraft:yellow_bed":11,"minecraft:grass":311,"minecraft:oak_log":104,"minecraft:coal_ore":19,"minecraft:dirt":11,"minecraft:oak_leaves":13},"minecraft:used":{"minecraft:oak_trapdoor":7,"minecraft:iron_shovel":181,"minecraft:shield":2,"minecraft:bell":1,"minecraft:cooked_chicken":1,"minecraft:dirt":176,"minecraft:mutton":2,"minecraft:wooden_axe":77,"minecraft:iron_axe":301,"minecraft:oak_stairs":1,"minecraft:birch_sapling":1,"minecraft:furnace":2,"minecraft:cooked_mutton":11,"minecraft:diorite":1,"minecraft:stone_pickaxe":164,"minecraft:oak_planks":205,"minecraft:birch_boat":2,"minecraft:wooden_pickaxe":13,"minecraft:mossy_cobblestone":5,"minecraft:crafting_table":7,"minecraft:white_bed":10,"minecraft:bread":9,"minecraft:iron_pickaxe":8,"minecraft:stone_axe":130,"minecraft:cobblestone":135,"minecraft:porkchop":3,"minecraft:yellow_bed":7,"minecraft:oak_boat":1},"minecraft:killed":{"minecraft:spider":1,"minecraft:skeleton":2,"minecraft:chicken":1,"minecraft:pig":6,"minecraft:iron_golem":1,"minecraft:sheep":5,"minecraft:zombie":5,"minecraft:cow":3},"minecraft:broken":{"minecraft:iron_axe":1,"minecraft:stone_axe":1,"minecraft:wooden_axe":1},"minecraft:killed_by":{"minecraft:player":1,"minecraft:iron_golem":2,"minecraft:zombie":2},"minecraft:crafted":{"minecraft:oak_planks":284,"minecraft:birch_boat":1,"minecraft:cooked_chicken":1,"minecraft:furnace":2,"minecraft:cooked_mutton":6,"minecraft:oak_trapdoor":6,"minecraft:iron_boots":1,"minecraft:iron_axe":2,"minecraft:stone_pickaxe":2,"minecraft:birch_button":2,"minecraft:crafting_table":5,"minecraft:wooden_pickaxe":2,"minecraft:stone_axe":1,"minecraft:bread":1,"minecraft:air":0,"minecraft:oak_boat":1,"minecraft:iron_chestplate":1,"minecraft:shield":1,"minecraft:stick":24,"minecraft:iron_ingot":26,"minecraft:iron_pickaxe":2,"minecraft:wooden_axe":2,"minecraft:iron_shovel":1,"minecraft:white_bed":2},"minecraft:custom":{"minecraft:mob_kills":24,"minecraft:interact_with_crafting_table":23,"minecraft:bell_ring":10,"minecraft:leave_game":8,"minecraft:time_since_death":43859,"minecraft:climb_one_cm":2680,"minecraft:sprint_one_cm":252453,"minecraft:walk_one_cm":360667,"minecraft:damage_blocked_by_shield":45,"minecraft:drop":35,"minecraft:talked_to_villager":1,"minecraft:play_time":135236,"minecraft:deaths":5,"minecraft:sneak_time":3054,"minecraft:walk_under_water_one_cm":1816,"minecraft:boat_one_cm":318050,"minecraft:jump":2515,"minecraft:interact_with_brewingstand":1,"minecraft:interact_with_blast_furnace":2,"minecraft:walk_on_water_one_cm":6438,"minecraft:total_world_time":135236,"minecraft:interact_with_furnace":49,"minecraft:sleep_in_bed":8,"minecraft:time_since_rest":16696,"minecraft:damage_taken":2301,"minecraft:damage_dealt":3608,"minecraft:fly_one_cm":370775,"minecraft:open_chest":14,"minecraft:crouch_one_cm":9447,"minecraft:fall_one_cm":39826},"minecraft:dropped":{"minecraft:iron_ingot":2,"minecraft:wheat_seeds":9,"minecraft:feather":2,"minecraft:wooden_axe":1,"minecraft:iron_axe":1,"minecraft:iron_pickaxe":2,"minecraft:lily_pad":2,"minecraft:bone":3,"minecraft:white_bed":8,"minecraft:yellow_bed":4,"minecraft:birch_button":12,"minecraft:arrow":4,"minecraft:bow":1,"minecraft:wooden_pickaxe":2,"minecraft:stone_pickaxe":3,"minecraft:egg":1}},"DataVersion":2730}