{"stats":{"minecraft:picked_up":{"minecraft:oak_door":1,"minecraft:torch":2,"minecraft:oak_stairs":41,"minecraft:oak_log":46,"minecraft:white_bed":9,"minecraft:yellow_bed":4,"minecraft:mossy_cobblestone":3,"minecraft:arrow":3,"minecraft:bone":2,"minecraft:bow":1,"minecraft:wheat_seeds":4,"minecraft:birch_sapling":2,"minecraft:oak_planks":37,"minecraft:cobblestone":34},"minecraft:used":{"minecraft:bread":3,"minecraft:stone_pickaxe":33,"minecraft:oak_planks":115,"minecraft:wooden_pickaxe":7,"minecraft:stone_axe":111,"minecraft:crafting_table":1,"minecraft:white_bed":1},"minecraft:mined":{"minecraft:white_bed":9,"minecraft:glass_pane":3,"minecraft:mossy_cobblestone":3,"minecraft:yellow_bed":4,"minecraft:grass":31,"minecraft:oak_log":46,"minecraft:oak_stairs":50,"minecraft:tall_grass":11,"minecraft:cobblestone":34,"minecraft:oak_planks":37},"minecraft:killed":{"minecraft:skeleton":1},"minecraft:killed_by":{"minecraft:zombie":1},"minecraft:crafted":{"minecraft:oak_planks":184,"minecraft:crafting_table":1,"minecraft:stick":12,"minecraft:wooden_pickaxe":1,"minecraft:stone_pickaxe":1,"minecraft:wooden_axe":1,"minecraft:stone_axe":1},"minecraft:dropped":{"minecraft:yellow_bed":4,"minecraft:white_bed":8},"minecraft:custom":{"minecraft:time_since_rest":14664,"minecraft:sprint_one_cm":38509,"minecraft:damage_taken":478,"minecraft:walk_one_cm":62236,"minecraft:mob_kills":1,"minecraft:drop":12,"minecraft:damage_dealt":179,"minecraft:talked_to_villager":1,"minecraft:interact_with_crafting_table":2,"minecraft:fly_one_cm":61451,"minecraft:open_chest":5,"minecraft:play_time":17865,"minecraft:deaths":1,"minecraft:sneak_time":24,"minecraft:jump":291,"minecraft:time_since_death":15958,"minecraft:sleep_in_bed":1,"minecraft:total_world_time":17865,"minecraft:fall_one_cm":3141}},"DataVersion":2730}