{"stats":{"minecraft:picked_up":{"minecraft:wooden_axe":2,"minecraft:birch_log":342,"minecraft:iron_chestplate":1,"minecraft:feather":2,"minecraft:wooden_pickaxe":1,"minecraft:oak_stairs":51,"minecraft:pink_wool":1,"minecraft:potato":9,"minecraft:oak_log":110,"minecraft:yellow_bed":8,"minecraft:cornflower":9,"minecraft:dirt":176,"minecraft:oak_trapdoor":1,"minecraft:iron_axe":1,"minecraft:cooked_mutton":14,"minecraft:bone":8,"minecraft:bow":2,"minecraft:wheat_seeds":41,"minecraft:gold_nugget":3,"minecraft:bell":1,"minecraft:iron_ingot":5,"minecraft:stone_pickaxe":3,"minecraft:poppy":7,"minecraft:iron_pickaxe":3,"minecraft:birch_sapling":9,"minecraft:oak_planks":59,"minecraft:stick":10,"minecraft:raw_iron":16,"minecraft:oak_door":3,"minecraft:torch":4,"minecraft:diorite":4,"minecraft:white_bed":16,"minecraft:mossy_cobblestone":5,"minecraft:arrow":5,"minecraft:rotten_flesh":3,"minecraft:oak_sapling":19,"minecraft:coal":21,"minecraft:white_wool":6,"minecraft:cobblestone":177},"minecraft:mined":{"minecraft:white_bed":10,"minecraft:glass_pane":3,"minecraft:mossy_cobblestone":5,"minecraft:cornflower":9,"minecraft:grass_block":151,"minecraft:poppy":8,"minecraft:tall_grass":30,"minecraft:cobblestone":35,"minecraft:oak_planks":55,"minecraft:diorite":2,"minecraft:birch_sapling":1,"minecraft:oak_trapdoor":1,"minecraft:birch_log":217,"minecraft:iron_ore":16,"minecraft:birch_leaves":4,"minecraft:yellow_bed":4,"minecraft:bell":1,"minecraft:grass":226,"minecraft:oak_log":96,"minecraft:coal_ore":9,"minecraft:oak_stairs":51,"minecraft:dirt":3,"minecraft:stone":58},"minecraft:used":{"minecraft:oak_trapdoor":7,"minecraft:cooked_mutton":6,"minecraft:diorite":1,"minecraft:iron_shovel":170,"minecraft:stone_pickaxe":122,"minecraft:oak_planks":203,"minecraft:wooden_pickaxe":7,"minecraft:bell":1,"minecraft:mossy_cobblestone":5,"minecraft:dirt":69,"minecraft:crafting_table":3,"minecraft:white_bed":10,"minecraft:wooden_axe":29,"minecraft:oak_stairs":1,"minecraft:bread":8,"minecraft:iron_axe":257,"minecraft:birch_sapling":1,"minecraft:iron_pickaxe":5,"minecraft:stone_axe":130,"minecraft:cobblestone":135,"minecraft:yellow_bed":4},"minecraft:killed":{"minecraft:iron_golem":1,"minecraft:skeleton":1},"minecraft:broken":{"minecraft:iron_axe":1,"minecraft:stone_axe":1},"minecraft:killed_by":{"minecraft:player":1,"minecraft:zombie":1,"minecraft:iron_golem":2},"minecraft:crafted":{"minecraft:oak_planks":252,"minecraft:crafting_table":3,"minecraft:wooden_pickaxe":1,"minecraft:stone_axe":1,"minecraft:air":0,"minecraft:oak_trapdoor":6,"minecraft:iron_boots":1,"minecraft:iron_chestplate":1,"minecraft:iron_axe":1,"minecraft:stick":12,"minecraft:iron_ingot":18,"minecraft:iron_pickaxe":1,"minecraft:stone_pickaxe":1,"minecraft:wooden_axe":1,"minecraft:iron_shovel":1,"minecraft:white_bed":2},"minecraft:custom":{"minecraft:interact_with_furnace":19,"minecraft:mob_kills":1,"minecraft:interact_with_crafting_table":7,"minecraft:bell_ring":10,"minecraft:leave_game":1,"minecraft:time_since_death":5590,"minecraft:sleep_in_bed":4,"minecraft:climb_one_cm":788,"minecraft:time_since_rest":5624,"minecraft:sprint_one_cm":127344,"minecraft:damage_taken":1606,"minecraft:walk_one_cm":223772,"minecraft:drop":18,"minecraft:damage_dealt":661,"minecraft:talked_to_villager":1,"minecraft:fly_one_cm":202257,"minecraft:open_chest":6,"minecraft:crouch_one_cm":8407,"minecraft:play_time":83580,"minecraft:deaths":4,"minecraft:sneak_time":2568,"minecraft:walk_under_water_one_cm":380,"minecraft:jump":1282,"minecraft:interact_with_brewingstand":1,"minecraft:walk_on_water_one_cm":833,"minecraft:total_world_time":83580,"minecraft:fall_one_cm":16347},"minecraft:dropped":{"minecraft:iron_ingot":2,"minecraft:white_bed":8,"minecraft:yellow_bed":4,"minecraft:iron_axe":1,"minecraft:stone_pickaxe":2,"minecraft:iron_pickaxe":2}},"DataVersion":2730}