{"stats":{"minecraft:broken":{"minecraft:iron_shovel":3,"minecraft:iron_axe":1,"minecraft:stone_axe":1,"minecraft:iron_pickaxe":1,"minecraft:wooden_axe":1},"minecraft:mined":{"minecraft:diamond_ore":4,"minecraft:white_bed":20,"minecraft:mossy_cobblestone":5,"minecraft:brewing_stand":1,"minecraft:granite":1,"minecraft:acacia_log":30,"minecraft:grass_block":605,"minecraft:spruce_leaves":1,"minecraft:composter":1,"minecraft:kelp":3,"minecraft:sandstone":1,"minecraft:tall_seagrass":4,"minecraft:redstone_ore":10,"minecraft:oak_trapdoor":1,"minecraft:furnace":4,"minecraft:carrots":17,"minecraft:iron_ore":63,"minecraft:barrel":1,"minecraft:andesite":11,"minecraft:bell":1,"minecraft:potatoes":6,"minecraft:oak_stairs":51,"minecraft:stone":372,"minecraft:bone_block":110,"minecraft:glass_pane":3,"minecraft:melon_stem":2,"minecraft:kelp_plant":8,"minecraft:soul_fire":4,"minecraft:cornflower":9,"minecraft:crafting_table":6,"minecraft:torch":1,"minecraft:poppy":8,"minecraft:copper_ore":7,"minecraft:tall_grass":52,"minecraft:glass":13,"minecraft:cobblestone":40,"minecraft:lily_pad":8,"minecraft:oak_planks":57,"minecraft:sugar_cane":17,"minecraft:diorite":20,"minecraft:birch_sapling":1,"minecraft:seagrass":4,"minecraft:birch_log":235,"minecraft:wheat":99,"minecraft:spruce_log":8,"minecraft:birch_leaves":5,"minecraft:tnt":2,"minecraft:yellow_bed":14,"minecraft:grass":526,"minecraft:oak_log":109,"minecraft:coal_ore":65,"minecraft:gravel":11,"minecraft:dirt":280,"minecraft:sand":225,"minecraft:gold_ore":7,"minecraft:oak_leaves":14,"minecraft:deepslate":7},"minecraft:crafted":{"minecraft:wooden_sword":1,"minecraft:oak_planks":376,"minecraft:cooked_chicken":1,"minecraft:birch_boat":1,"minecraft:furnace":6,"minecraft:cooked_mutton":6,"minecraft:oak_trapdoor":6,"minecraft:glass":120,"minecraft:iron_boots":1,"minecraft:iron_axe":3,"minecraft:stone_pickaxe":2,"minecraft:chest":1,"minecraft:birch_button":2,"minecraft:cooked_beef":1,"minecraft:cooked_porkchop":19,"minecraft:crafting_table":6,"minecraft:wooden_pickaxe":4,"minecraft:iron_helmet":1,"minecraft:bucket":2,"minecraft:stone_axe":1,"minecraft:bread":1,"minecraft:air":0,"minecraft:oak_boat":1,"minecraft:iron_chestplate":1,"minecraft:diamond_pickaxe":1,"minecraft:shield":1,"minecraft:stick":56,"minecraft:iron_ingot":36,"minecraft:iron_pickaxe":2,"minecraft:wooden_axe":3,"minecraft:iron_shovel":4,"minecraft:iron_leggings":1,"minecraft:white_bed":2,"minecraft:acacia_planks":16},"minecraft:dropped":{"minecraft:iron_ingot":2,"minecraft:birch_planks":8,"minecraft:porkchop":9,"minecraft:wheat_seeds":10,"minecraft:tnt":1,"minecraft:crafting_table":1,"minecraft:feather":2,"minecraft:cobblestone":1,"minecraft:acacia_trapdoor":1,"minecraft:coal":1,"minecraft:stick":27,"minecraft:dirt":72,"minecraft:wooden_axe":2,"minecraft:iron_leggings":1,"minecraft:wooden_sword":1,"minecraft:iron_axe":1,"minecraft:iron_pickaxe":2,"minecraft:paper":8,"minecraft:lily_pad":2,"minecraft:white_wool":2,"minecraft:dandelion":1,"minecraft:bone":5,"minecraft:beetroot":1,"minecraft:light_gray_wool":2,"minecraft:white_bed":8,"minecraft:filled_map":1,"minecraft:gunpowder":1,"minecraft:andesite":12,"minecraft:yellow_bed":4,"minecraft:sandstone":2,"minecraft:birch_button":12,"minecraft:arrow":6,"minecraft:bow":2,"minecraft:stone_pickaxe":3,"minecraft:wooden_pickaxe":4,"minecraft:raw_gold":14,"minecraft:egg":1},"minecraft:picked_up":{"minecraft:wooden_axe":2,"minecraft:crafting_table":6,"minecraft:iron_chestplate":2,"minecraft:wheat":94,"minecraft:chicken":1,"minecraft:clay_ball":40,"minecraft:golden_pickaxe":2,"minecraft:wooden_pickaxe":2,"minecraft:pink_wool":1,"minecraft:oak_stairs":51,"minecraft:birch_button":10,"minecraft:brewing_stand":1,"minecraft:cornflower":17,"minecraft:string":2,"minecraft:oak_trapdoor":1,"minecraft:raw_copper":16,"minecraft:iron_axe":1,"minecraft:wooden_sword":1,"minecraft:iron_leggings":1,"minecraft:iron_shovel":2,"minecraft:beetroot":1,"minecraft:gold_nugget":3,"minecraft:cobbled_deepslate":4,"minecraft:beef":12,"minecraft:poppy":9,"minecraft:iron_pickaxe":5,"minecraft:light_gray_wool":3,"minecraft:sugar_cane":39,"minecraft:chest":1,"minecraft:birch_sapling":9,"minecraft:furnace":5,"minecraft:egg":1,"minecraft:stick":23,"minecraft:raw_iron":50,"minecraft:sandstone":18,"minecraft:stone":2,"minecraft:oak_door":3,"minecraft:composter":9,"minecraft:torch":10,"minecraft:acacia_log":28,"minecraft:porkchop":35,"minecraft:diorite":31,"minecraft:carrot":50,"minecraft:redstone":37,"minecraft:tnt":1,"minecraft:orange_bed":1,"minecraft:arrow":19,"minecraft:rotten_flesh":8,"minecraft:mutton":16,"minecraft:bone_block":105,"minecraft:white_wool":18,"minecraft:cobblestone":558,"minecraft:birch_log":363,"minecraft:feather":4,"minecraft:cooked_beef":1,"minecraft:andesite":38,"minecraft:leather":7,"minecraft:potato":30,"minecraft:filled_map":1,"minecraft:birch_planks":112,"minecraft:oak_log":123,"minecraft:lily_pad":11,"minecraft:yellow_bed":19,"minecraft:gunpowder":2,"minecraft:lapis_lazuli":9,"minecraft:dirt":1062,"minecraft:cooked_mutton":14,"minecraft:glass":64,"minecraft:bone":20,"minecraft:acacia_planks":4,"minecraft:kelp":15,"minecraft:bow":4,"minecraft:wheat_seeds":374,"minecraft:acacia_trapdoor":1,"minecraft:raw_gold":14,"minecraft:bell":1,"minecraft:iron_ingot":40,"minecraft:stone_pickaxe":3,"minecraft:oak_planks":133,"minecraft:acacia_sapling":15,"minecraft:cooked_porkchop":1,"minecraft:birch_boat":4,"minecraft:dandelion":1,"minecraft:gravel":11,"minecraft:sand":242,"minecraft:white_bed":40,"minecraft:spruce_log":8,"minecraft:mossy_cobblestone":5,"minecraft:iron_hoe":3,"minecraft:diamond":2,"minecraft:granite":1,"minecraft:gray_wool":1,"minecraft:emerald":3,"minecraft:melon_seeds":4,"minecraft:oak_sapling":19,"minecraft:acacia_slab":1,"minecraft:coal":370},"minecraft:custom":{"minecraft:mob_kills":42,"minecraft:interact_with_crafting_table":47,"minecraft:bell_ring":10,"minecraft:leave_game":15,"minecraft:time_since_death":73132,"minecraft:climb_one_cm":2738,"minecraft:sprint_one_cm":496631,"minecraft:damage_blocked_by_shield":85,"minecraft:walk_one_cm":818837,"minecraft:drop":68,"minecraft:talked_to_villager":1,"minecraft:play_time":265023,"minecraft:deaths":6,"minecraft:sneak_time":5960,"minecraft:walk_under_water_one_cm":14097,"minecraft:boat_one_cm":473748,"minecraft:jump":4860,"minecraft:interact_with_brewingstand":1,"minecraft:interact_with_blast_furnace":2,"minecraft:walk_on_water_one_cm":32995,"minecraft:total_world_time":265023,"minecraft:interact_with_furnace":123,"minecraft:sleep_in_bed":14,"minecraft:time_since_rest":23773,"minecraft:damage_taken":3396,"minecraft:damage_dealt":6095,"minecraft:swim_one_cm":4463,"minecraft:fly_one_cm":678944,"minecraft:open_chest":51,"minecraft:crouch_one_cm":19455,"minecraft:fall_one_cm":90040},"minecraft:killed_by":{"minecraft:ghast":1,"minecraft:player":1,"minecraft:iron_golem":2,"minecraft:zombie":2},"minecraft:killed":{"minecraft:spider":2,"minecraft:skeleton":4,"minecraft:chicken":1,"minecraft:pig":10,"minecraft:iron_golem":1,"minecraft:creeper":1,"minecraft:sheep":9,"minecraft:zombie":7,"minecraft:cow":7},"minecraft:used":{"minecraft:oak_trapdoor":7,"minecraft:iron_shovel":1138,"minecraft:chest":2,"minecraft:shield":3,"minecraft:bell":1,"minecraft:cooked_chicken":1,"minecraft:dirt":333,"minecraft:mutton":2,"minecraft:carrot":17,"minecraft:iron_hoe":244,"minecraft:glass":92,"minecraft:wooden_axe":107,"minecraft:iron_axe":344,"minecraft:oak_stairs":1,"minecraft:birch_sapling":1,"minecraft:furnace":11,"minecraft:cooked_beef":1,"minecraft:wheat_seeds":69,"minecraft:cooked_mutton":13,"minecraft:water_bucket":12,"minecraft:diorite":1,"minecraft:stone_pickaxe":164,"minecraft:oak_planks":207,"minecraft:wooden_pickaxe":13,"minecraft:birch_boat":5,"minecraft:sandstone":16,"minecraft:mossy_cobblestone":5,"minecraft:sand":1,"minecraft:crafting_table":11,"minecraft:white_bed":25,"minecraft:diamond_pickaxe":257,"minecraft:bread":13,"minecraft:iron_pickaxe":317,"minecraft:stone_axe":130,"minecraft:cobblestone":156,"minecraft:wooden_sword":134,"minecraft:porkchop":7,"minecraft:cooked_porkchop":4,"minecraft:andesite":6,"minecraft:bucket":12,"minecraft:yellow_bed":11,"minecraft:oak_boat":1,"minecraft:golden_pickaxe":1}},"DataVersion":2730}