{"stats":{"minecraft:broken":{"minecraft:iron_shovel":6,"minecraft:stone_pickaxe":1,"minecraft:iron_axe":2,"minecraft:stone_axe":1,"minecraft:iron_pickaxe":3,"minecraft:wooden_axe":1},"minecraft:mined":{"minecraft:diamond_ore":4,"minecraft:white_bed":20,"minecraft:mossy_cobblestone":5,"minecraft:brewing_stand":2,"minecraft:granite":5,"minecraft:acacia_log":224,"minecraft:grass_block":897,"minecraft:spruce_leaves":1,"minecraft:kelp":3,"minecraft:composter":1,"minecraft:cartography_table":2,"minecraft:sandstone":1,"minecraft:tall_seagrass":4,"minecraft:redstone_ore":10,"minecraft:oak_trapdoor":1,"minecraft:furnace":6,"minecraft:carrots":17,"minecraft:iron_ore":142,"minecraft:barrel":1,"minecraft:andesite":21,"minecraft:bell":1,"minecraft:potatoes":6,"minecraft:dirt_path":11,"minecraft:oak_stairs":51,"minecraft:stripped_acacia_log":1,"minecraft:stone":979,"minecraft:bone_block":110,"minecraft:tripwire":1,"minecraft:acacia_leaves":24,"minecraft:glass_pane":3,"minecraft:kelp_plant":8,"minecraft:melon_stem":3,"minecraft:smoker":1,"minecraft:soul_fire":4,"minecraft:dandelion":12,"minecraft:cornflower":9,"minecraft:crafting_table":9,"minecraft:torch":1,"minecraft:poppy":34,"minecraft:nether_quartz_ore":35,"minecraft:dead_bush":7,"minecraft:lectern":38,"minecraft:copper_ore":8,"minecraft:tall_grass":124,"minecraft:glass":13,"minecraft:cobblestone":54,"minecraft:lily_pad":8,"minecraft:oak_planks":57,"minecraft:sugar_cane":859,"minecraft:diorite":51,"minecraft:birch_sapling":1,"minecraft:seagrass":4,"minecraft:birch_log":235,"minecraft:wheat":143,"minecraft:spruce_log":8,"minecraft:birch_leaves":5,"minecraft:tnt":2,"minecraft:yellow_bed":14,"minecraft:grass":1431,"minecraft:coal_ore":116,"minecraft:oak_log":141,"minecraft:gravel":157,"minecraft:dirt":398,"minecraft:sand":492,"minecraft:netherrack":5,"minecraft:gold_ore":7,"minecraft:oak_leaves":35,"minecraft:deepslate":7},"minecraft:crafted":{"minecraft:wooden_sword":1,"minecraft:oak_planks":500,"minecraft:cobblestone_slab":504,"minecraft:cooked_chicken":1,"minecraft:birch_boat":1,"minecraft:furnace":8,"minecraft:stone":516,"minecraft:bookshelf":4,"minecraft:cooked_mutton":7,"minecraft:hopper":25,"minecraft:oak_trapdoor":6,"minecraft:glass":178,"minecraft:repeater":20,"minecraft:bow":4,"minecraft:iron_boots":2,"minecraft:iron_axe":5,"minecraft:iron_hoe":1,"minecraft:comparator":1,"minecraft:stone_pickaxe":3,"minecraft:chest":34,"minecraft:birch_button":2,"minecraft:observer":10,"minecraft:golden_boots":1,"minecraft:wheat":81,"minecraft:cooked_beef":11,"minecraft:dropper":1,"minecraft:oak_slab":6,"minecraft:emerald":1,"minecraft:cooked_porkchop":20,"minecraft:crafting_table":8,"minecraft:acacia_slab":18,"minecraft:wooden_pickaxe":5,"minecraft:iron_helmet":2,"minecraft:iron_sword":1,"minecraft:bucket":4,"minecraft:stone_axe":1,"minecraft:bread":28,"minecraft:air":0,"minecraft:dispenser":1,"minecraft:oak_boat":1,"minecraft:lectern":4,"minecraft:book":12,"minecraft:paper":135,"minecraft:iron_chestplate":2,"minecraft:diamond_pickaxe":1,"minecraft:shield":2,"minecraft:stick":152,"minecraft:iron_ingot":239,"minecraft:iron_pickaxe":5,"minecraft:wooden_axe":3,"minecraft:gold_ingot":4,"minecraft:iron_shovel":7,"minecraft:iron_leggings":2,"minecraft:redstone_torch":43,"minecraft:white_bed":2,"minecraft:acacia_planks":308},"minecraft:dropped":{"minecraft:bread":9,"minecraft:iron_ingot":8,"minecraft:birch_planks":8,"minecraft:porkchop":9,"minecraft:wheat_seeds":34,"minecraft:tnt":1,"minecraft:crafting_table":1,"minecraft:feather":2,"minecraft:cobblestone":1,"minecraft:acacia_log":64,"minecraft:acacia_trapdoor":1,"minecraft:coal":1,"minecraft:flint":14,"minecraft:stick":27,"minecraft:dirt":72,"minecraft:wooden_axe":2,"minecraft:iron_leggings":1,"minecraft:gold_nugget":1,"minecraft:wooden_sword":1,"minecraft:iron_axe":1,"minecraft:iron_pickaxe":2,"minecraft:paper":8,"minecraft:lily_pad":2,"minecraft:white_wool":2,"minecraft:bucket":4,"minecraft:dandelion":2,"minecraft:bone":5,"minecraft:gravel":55,"minecraft:wheat":16,"minecraft:beetroot":1,"minecraft:light_gray_wool":2,"minecraft:white_bed":8,"minecraft:filled_map":1,"minecraft:gunpowder":1,"minecraft:andesite":12,"minecraft:yellow_bed":4,"minecraft:sandstone":2,"minecraft:birch_button":12,"minecraft:arrow":6,"minecraft:bow":2,"minecraft:stone_pickaxe":3,"minecraft:wooden_pickaxe":4,"minecraft:raw_gold":14,"minecraft:egg":1},"minecraft:picked_up":{"minecraft:wooden_axe":2,"minecraft:iron_chestplate":2,"minecraft:crafting_table":10,"minecraft:wheat":135,"minecraft:chicken":2,"minecraft:clay_ball":40,"minecraft:golden_pickaxe":2,"minecraft:wooden_pickaxe":3,"minecraft:pink_wool":1,"minecraft:oak_stairs":51,"minecraft:birch_button":10,"minecraft:brewing_stand":2,"minecraft:cornflower":17,"minecraft:oak_trapdoor":1,"minecraft:string":16,"minecraft:raw_copper":19,"minecraft:iron_axe":2,"minecraft:wooden_sword":1,"minecraft:iron_leggings":1,"minecraft:iron_shovel":3,"minecraft:beetroot":1,"minecraft:cartography_table":2,"minecraft:gold_nugget":4,"minecraft:cobbled_deepslate":4,"minecraft:bucket":3,"minecraft:beef":28,"minecraft:poppy":45,"minecraft:iron_pickaxe":5,"minecraft:light_gray_wool":3,"minecraft:lectern":38,"minecraft:sugar_cane":1220,"minecraft:chest":1,"minecraft:birch_sapling":9,"minecraft:furnace":7,"minecraft:egg":9,"minecraft:stick":53,"minecraft:raw_iron":147,"minecraft:sandstone":18,"minecraft:stone":10,"minecraft:oak_door":3,"minecraft:composter":9,"minecraft:torch":15,"minecraft:acacia_log":218,"minecraft:porkchop":35,"minecraft:diorite":62,"minecraft:carrot":50,"minecraft:redstone":37,"minecraft:tnt":1,"minecraft:orange_bed":1,"minecraft:arrow":27,"minecraft:rotten_flesh":17,"minecraft:hay_block":9,"minecraft:mutton":19,"minecraft:bone_block":105,"minecraft:white_wool":20,"minecraft:cobblestone":1171,"minecraft:birch_log":363,"minecraft:feather":4,"minecraft:cooked_beef":1,"minecraft:andesite":51,"minecraft:leather":13,"minecraft:smoker":1,"minecraft:potato":30,"minecraft:filled_map":1,"minecraft:birch_planks":112,"minecraft:flint":19,"minecraft:oak_log":177,"minecraft:lily_pad":11,"minecraft:yellow_bed":19,"minecraft:gunpowder":5,"minecraft:lapis_lazuli":9,"minecraft:dirt":1802,"minecraft:cooked_mutton":14,"minecraft:glass":64,"minecraft:bone":29,"minecraft:acacia_planks":5,"minecraft:kelp":15,"minecraft:bow":5,"minecraft:wheat_seeds":704,"minecraft:acacia_trapdoor":1,"minecraft:raw_gold":14,"minecraft:bell":1,"minecraft:iron_ingot":44,"minecraft:stone_pickaxe":3,"minecraft:oak_planks":133,"minecraft:acacia_sapling":52,"minecraft:cooked_porkchop":1,"minecraft:birch_boat":4,"minecraft:quartz":35,"minecraft:dandelion":18,"minecraft:gravel":144,"minecraft:sand":498,"minecraft:white_bed":40,"minecraft:spruce_log":8,"minecraft:spider_eye":3,"minecraft:mossy_cobblestone":5,"minecraft:iron_hoe":4,"minecraft:diamond":2,"minecraft:granite":5,"minecraft:gray_wool":1,"minecraft:emerald":3,"minecraft:bread":10,"minecraft:netherrack":5,"minecraft:oak_sapling":20,"minecraft:acacia_slab":1,"minecraft:melon_seeds":6,"minecraft:coal":434},"minecraft:custom":{"minecraft:mob_kills":97,"minecraft:animals_bred":11,"minecraft:interact_with_crafting_table":142,"minecraft:bell_ring":10,"minecraft:leave_game":19,"minecraft:time_since_death":163572,"minecraft:climb_one_cm":2738,"minecraft:sprint_one_cm":952057,"minecraft:damage_blocked_by_shield":755,"minecraft:walk_one_cm":1538481,"minecraft:drop":149,"minecraft:talked_to_villager":63,"minecraft:play_time":485501,"minecraft:deaths":8,"minecraft:sneak_time":9146,"minecraft:walk_under_water_one_cm":17739,"minecraft:boat_one_cm":473748,"minecraft:interact_with_brewingstand":1,"minecraft:jump":9172,"minecraft:interact_with_blast_furnace":2,"minecraft:walk_on_water_one_cm":53634,"minecraft:total_world_time":485501,"minecraft:interact_with_furnace":365,"minecraft:traded_with_villager":1,"minecraft:sleep_in_bed":29,"minecraft:time_since_rest":10329,"minecraft:damage_taken":5622,"minecraft:damage_dealt":15285,"minecraft:swim_one_cm":7081,"minecraft:fly_one_cm":1405179,"minecraft:open_chest":216,"minecraft:crouch_one_cm":30622,"minecraft:fall_one_cm":191552},"minecraft:killed_by":{"minecraft:ghast":1,"minecraft:player":1,"minecraft:iron_golem":2,"minecraft:zombie":2},"minecraft:killed":{"minecraft:zombified_piglin":1,"minecraft:spider":9,"minecraft:skeleton":14,"minecraft:chicken":2,"minecraft:pig":10,"minecraft:bat":1,"minecraft:iron_golem":1,"minecraft:creeper":2,"minecraft:sheep":11,"minecraft:zombie":25,"minecraft:enderman":1,"minecraft:cow":14},"minecraft:used":{"minecraft:oak_trapdoor":7,"minecraft:iron_shovel":1980,"minecraft:poppy":1,"minecraft:chest":4,"minecraft:shield":31,"minecraft:iron_sword":241,"minecraft:bell":1,"minecraft:cooked_chicken":1,"minecraft:dirt":613,"minecraft:mutton":2,"minecraft:granite":4,"minecraft:carrot":17,"minecraft:iron_hoe":249,"minecraft:glass":92,"minecraft:wooden_axe":107,"minecraft:iron_axe":687,"minecraft:oak_stairs":1,"minecraft:birch_sapling":1,"minecraft:acacia_slab":2,"minecraft:furnace":13,"minecraft:cooked_beef":10,"minecraft:wheat_seeds":69,"minecraft:cooked_mutton":20,"minecraft:water_bucket":158,"minecraft:diorite":1,"minecraft:stone_pickaxe":295,"minecraft:oak_planks":207,"minecraft:wooden_pickaxe":18,"minecraft:birch_boat":5,"minecraft:sandstone":16,"minecraft:sugar_cane":342,"minecraft:mossy_cobblestone":5,"minecraft:sand":3,"minecraft:oak_slab":2,"minecraft:crafting_table":16,"minecraft:white_bed":25,"minecraft:diamond_pickaxe":257,"minecraft:string":1,"minecraft:bread":37,"minecraft:iron_pickaxe":1040,"minecraft:lectern":42,"minecraft:gravel":64,"minecraft:stone_axe":130,"minecraft:cobblestone":217,"minecraft:wooden_sword":134,"minecraft:porkchop":7,"minecraft:cooked_porkchop":5,"minecraft:andesite":8,"minecraft:bucket":158,"minecraft:yellow_bed":11,"minecraft:oak_boat":1,"minecraft:golden_pickaxe":1}},"DataVersion":2730}