{"stats":{"minecraft:crafted":{"minecraft:birch_planks":24,"minecraft:crafting_table":1,"minecraft:stick":4,"minecraft:wooden_pickaxe":1,"minecraft:wooden_axe":1},"minecraft:picked_up":{"minecraft:feather":1,"minecraft:birch_log":11,"minecraft:bone":2,"minecraft:crafting_table":1,"minecraft:arrow":2,"minecraft:porkchop":1,"minecraft:oak_log":12,"minecraft:birch_sapling":1,"minecraft:chicken":1},"minecraft:used":{"minecraft:wooden_axe":31,"minecraft:crafting_table":1},"minecraft:killed":{"minecraft:skeleton":1,"minecraft:pig":1,"minecraft:chicken":1},"minecraft:mined":{"minecraft:grass":4,"minecraft:oak_log":12,"minecraft:sunflower":1,"minecraft:birch_log":11,"minecraft:crafting_table":1},"minecraft:custom":{"minecraft:time_since_rest":744,"minecraft:crouch_one_cm":38,"minecraft:play_time":6018,"minecraft:sprint_one_cm":15270,"minecraft:damage_taken":80,"minecraft:walk_one_cm":8691,"minecraft:sneak_time":50,"minecraft:mob_kills":3,"minecraft:jump":131,"minecraft:damage_dealt":340,"minecraft:leave_game":1,"minecraft:time_since_death":6018,"minecraft:sleep_in_bed":1,"minecraft:total_world_time":6018,"minecraft:fall_one_cm":3402,"minecraft:interact_with_crafting_table":1,"minecraft:fly_one_cm":24908}},"DataVersion":2730}