{"stats":{"minecraft:broken":{"minecraft:stone_pickaxe":2,"minecraft:iron_axe":1,"minecraft:iron_pickaxe":12},"minecraft:mined":{"minecraft:white_bed":3,"minecraft:granite":38,"minecraft:budding_amethyst":1,"minecraft:acacia_log":45,"minecraft:grass_block":32,"minecraft:soul_soil":5,"minecraft:tall_seagrass":1,"minecraft:iron_ore":358,"minecraft:fire":9,"minecraft:pumpkin":1,"minecraft:fletching_table":4,"minecraft:pointed_dripstone":1,"minecraft:small_amethyst_bud":1,"minecraft:deepslate_redstone_ore":27,"minecraft:kelp_plant":1,"minecraft:melon_stem":1,"minecraft:medium_amethyst_bud":1,"minecraft:soul_fire":7,"minecraft:torch":29,"minecraft:calcite":20,"minecraft:melon":7,"minecraft:chest":2,"minecraft:cobblestone":48,"minecraft:sugar_cane":194,"minecraft:oak_planks":1,"minecraft:wall_torch":18,"minecraft:amethyst_block":8,"minecraft:deepslate_copper_ore":9,"minecraft:seagrass":1,"minecraft:birch_log":1,"minecraft:wheat":79,"minecraft:birch_trapdoor":9,"minecraft:grass":78,"minecraft:oak_log":25,"minecraft:beetroots":2,"minecraft:sand":34,"minecraft:dirt":84,"minecraft:smooth_basalt":22,"minecraft:oak_leaves":4,"minecraft:deepslate":692,"minecraft:diamond_ore":20,"minecraft:tuff":69,"minecraft:dark_oak_leaves":1,"minecraft:deepslate_diamond_ore":4,"minecraft:glow_lichen":1,"minecraft:acacia_slab":81,"minecraft:kelp":2,"minecraft:sandstone":19,"minecraft:hay_block":9,"minecraft:redstone_ore":51,"minecraft:oak_trapdoor":1,"minecraft:furnace":8,"minecraft:carrots":11,"minecraft:acacia_trapdoor":6,"minecraft:andesite":81,"minecraft:peony":1,"minecraft:gold_block":1,"minecraft:bell":1,"minecraft:potatoes":11,"minecraft:deepslate_iron_ore":69,"minecraft:stripped_oak_log":4,"minecraft:stone":1398,"minecraft:bone_block":12,"minecraft:white_wool":2,"minecraft:oak_slab":3,"minecraft:acacia_leaves":3,"minecraft:soul_sand":37,"minecraft:crafting_table":10,"minecraft:lectern":8,"minecraft:tall_grass":9,"minecraft:copper_ore":18,"minecraft:deepslate_coal_ore":15,"minecraft:lapis_ore":10,"minecraft:deepslate_gold_ore":24,"minecraft:diorite":97,"minecraft:birch_leaves":3,"minecraft:bee_nest":1,"minecraft:yellow_bed":2,"minecraft:coal_ore":647,"minecraft:gravel":63,"minecraft:oak_button":1,"minecraft:gold_ore":15},"minecraft:crafted":{"minecraft:oak_planks":100,"minecraft:birch_boat":1,"minecraft:stone":4,"minecraft:cooked_mutton":39,"minecraft:glass":136,"minecraft:iron_boots":1,"minecraft:chest":18,"minecraft:oak_button":1,"minecraft:golden_boots":2,"minecraft:oak_slab":6,"minecraft:cooked_porkchop":24,"minecraft:crafting_table":12,"minecraft:spruce_planks":32,"minecraft:acacia_slab":138,"minecraft:wooden_pickaxe":1,"minecraft:iron_helmet":2,"minecraft:birch_planks":352,"minecraft:spruce_trapdoor":10,"minecraft:iron_chestplate":3,"minecraft:pink_wool":1,"minecraft:shield":2,"minecraft:stick":172,"minecraft:iron_ingot":222,"minecraft:iron_pickaxe":15,"minecraft:stone_sword":2,"minecraft:gold_ingot":16,"minecraft:composter":8,"minecraft:furnace":11,"minecraft:pink_dye":2,"minecraft:oak_trapdoor":14,"minecraft:flint_and_steel":1,"minecraft:iron_axe":3,"minecraft:iron_hoe":1,"minecraft:stone_pickaxe":1,"minecraft:cooked_beef":19,"minecraft:iron_sword":3,"minecraft:acacia_trapdoor":54,"minecraft:bucket":8,"minecraft:stone_axe":2,"minecraft:bread":3,"minecraft:air":0,"minecraft:wooden_axe":1,"minecraft:birch_trapdoor":26,"minecraft:iron_shovel":2,"minecraft:iron_leggings":3,"minecraft:acacia_planks":272,"minecraft:torch":224},"minecraft:dropped":{"minecraft:birch_planks":76,"minecraft:porkchop":2,"minecraft:lapis_lazuli":53,"minecraft:golden_pickaxe":1,"minecraft:crafting_table":3,"minecraft:flint":3,"minecraft:dirt":24,"minecraft:cornflower":2,"minecraft:gold_nugget":8,"minecraft:sand":43,"minecraft:glistering_melon_slice":14,"minecraft:iron_pickaxe":6,"minecraft:birch_log":82,"minecraft:white_wool":7,"minecraft:bone":20,"minecraft:oak_door":1,"minecraft:gravel":6,"minecraft:stone_axe":2,"minecraft:iron_nugget":15,"minecraft:cobbled_deepslate":107,"minecraft:pink_dye":2,"minecraft:wheat":2,"minecraft:obsidian":1,"minecraft:pointed_dripstone":2,"minecraft:rotten_flesh":5,"minecraft:oak_planks":59,"minecraft:cooked_mutton":7,"minecraft:white_bed":22,"minecraft:carrot":10,"minecraft:poppy":8,"minecraft:birch_trapdoor":9,"minecraft:beetroot_seeds":4,"minecraft:leather_leggings":7,"minecraft:birch_button":2,"minecraft:arrow":9,"minecraft:egg":2,"minecraft:iron_ingot":20,"minecraft:wheat_seeds":73,"minecraft:feather":17,"minecraft:cobblestone":287,"minecraft:granite":3,"minecraft:copper_ingot":1,"minecraft:grass_block":1,"minecraft:acacia_trapdoor":6,"minecraft:coal":445,"minecraft:stick":43,"minecraft:gray_wool":1,"minecraft:diorite":17,"minecraft:torch":3,"minecraft:wooden_axe":2,"minecraft:iron_leggings":2,"minecraft:orange_bed":1,"minecraft:iron_shovel":2,"minecraft:string":8,"minecraft:lily_pad":12,"minecraft:smooth_basalt":19,"minecraft:furnace":6,"minecraft:kelp":53,"minecraft:netherite_hoe":1,"minecraft:stone_sword":2,"minecraft:raw_copper":4,"minecraft:composter":9,"minecraft:raw_iron":15,"minecraft:light_gray_wool":1,"minecraft:iron_boots":1,"minecraft:iron_hoe":1,"minecraft:flint_and_steel":1,"minecraft:filled_map":3,"minecraft:potato":32,"minecraft:hay_block":9,"minecraft:stone":10,"minecraft:iron_chestplate":1,"minecraft:andesite":24,"minecraft:yellow_bed":4,"minecraft:pink_wool":1,"minecraft:birch_boat":1,"minecraft:bow":5,"minecraft:stone_pickaxe":1,"minecraft:wooden_pickaxe":9,"minecraft:raw_gold":7,"minecraft:calcite":5,"minecraft:black_wool":1},"minecraft:picked_up":{"minecraft:wooden_axe":5,"minecraft:iron_chestplate":1,"minecraft:wheat":11,"minecraft:birch_button":2,"minecraft:string":13,"minecraft:soul_soil":4,"minecraft:raw_copper":46,"minecraft:iron_leggings":2,"minecraft:gold_nugget":6,"minecraft:cobbled_deepslate":451,"minecraft:bucket":2,"minecraft:calcite":5,"minecraft:iron_pickaxe":7,"minecraft:melon_slice":27,"minecraft:furnace":7,"minecraft:iron_boots":1,"minecraft:stick":69,"minecraft:composter":1,"minecraft:birch_trapdoor":13,"minecraft:torch":136,"minecraft:acacia_log":45,"minecraft:porkchop":47,"minecraft:pointed_dripstone":2,"minecraft:diorite":47,"minecraft:stone_sword":1,"minecraft:rotten_flesh":24,"minecraft:cobblestone":1194,"minecraft:birch_log":489,"minecraft:feather":18,"minecraft:water_bucket":1,"minecraft:andesite":38,"minecraft:potato":52,"minecraft:flint":4,"minecraft:tuff":65,"minecraft:map":1,"minecraft:lapis_lazuli":100,"minecraft:dirt":108,"minecraft:bone":45,"minecraft:bow":5,"minecraft:wheat_seeds":183,"minecraft:raw_gold":53,"minecraft:fletching_table":4,"minecraft:oak_planks":145,"minecraft:cooked_porkchop":1,"minecraft:sand":74,"minecraft:diamond":26,"minecraft:granite":21,"minecraft:oak_sapling":9,"minecraft:diamond_pickaxe":1,"minecraft:crafting_table":12,"minecraft:chicken":3,"minecraft:leather_leggings":7,"minecraft:pink_wool":3,"minecraft:wooden_pickaxe":8,"minecraft:gold_block":1,"minecraft:cornflower":10,"minecraft:oak_trapdoor":1,"minecraft:iron_axe":1,"minecraft:beef":8,"minecraft:oak_boat":2,"minecraft:light_gray_wool":1,"minecraft:poppy":7,"minecraft:lectern":8,"minecraft:sugar_cane":282,"minecraft:egg":5,"minecraft:raw_iron":473,"minecraft:stone":10,"minecraft:oak_door":1,"minecraft:copper_ingot":1,"minecraft:carrot":33,"minecraft:redstone":312,"minecraft:arrow":26,"minecraft:beetroot_seeds":4,"minecraft:peony":1,"minecraft:hay_block":9,"minecraft:glistering_melon_slice":14,"minecraft:mutton":32,"minecraft:white_wool":16,"minecraft:bone_block":120,"minecraft:stripped_oak_log":4,"minecraft:filled_map":2,"minecraft:birch_planks":49,"minecraft:oak_log":116,"minecraft:lily_pad":12,"minecraft:yellow_bed":5,"minecraft:paper":8,"minecraft:cooked_mutton":6,"minecraft:apple":15,"minecraft:kelp":118,"minecraft:acacia_trapdoor":5,"minecraft:iron_ingot":9,"minecraft:stone_pickaxe":2,"minecraft:soul_sand":37,"minecraft:acacia_sapling":1,"minecraft:oak_slab":4,"minecraft:smooth_basalt":19,"minecraft:birch_boat":18,"minecraft:dandelion":1,"minecraft:gravel":48,"minecraft:white_bed":14,"minecraft:spider_eye":4,"minecraft:iron_helmet":1,"minecraft:gray_wool":2,"minecraft:oak_button":1,"minecraft:acacia_slab":79,"minecraft:black_wool":1,"minecraft:coal":875,"minecraft:pink_dye":1,"minecraft:ender_pearl":1},"minecraft:custom":{"minecraft:interact_with_crafting_table":105,"minecraft:open_barrel":1,"minecraft:bell_ring":10,"minecraft:leave_game":29,"minecraft:time_since_death":401138,"minecraft:sprint_one_cm":850429,"minecraft:damage_blocked_by_shield":190,"minecraft:drop":284,"minecraft:talked_to_villager":33,"minecraft:play_time":477873,"minecraft:deaths":3,"minecraft:jump":6376,"minecraft:walk_on_water_one_cm":93732,"minecraft:interact_with_furnace":181,"minecraft:sleep_in_bed":19,"minecraft:damage_dealt":15388,"minecraft:player_kills":1,"minecraft:crouch_one_cm":155001,"minecraft:mob_kills":109,"minecraft:climb_one_cm":2216,"minecraft:walk_one_cm":757715,"minecraft:sneak_time":54141,"minecraft:walk_under_water_one_cm":18458,"minecraft:boat_one_cm":378331,"minecraft:interact_with_blast_furnace":1,"minecraft:total_world_time":477873,"minecraft:time_since_rest":7342,"minecraft:damage_taken":3235,"minecraft:swim_one_cm":67242,"minecraft:fly_one_cm":1540431,"minecraft:open_chest":104,"minecraft:fall_one_cm":130142},"minecraft:killed_by":{"minecraft:enderman":1,"minecraft:iron_golem":2},"minecraft:killed":{"minecraft:witch":1,"minecraft:spider":9,"minecraft:skeleton":12,"minecraft:bee":2,"minecraft:chicken":6,"minecraft:pig":21,"minecraft:zombie_villager":2,"minecraft:iron_golem":1,"minecraft:creeper":1,"minecraft:sheep":22,"minecraft:zombie":20,"minecraft:cow":5,"minecraft:drowned":3,"minecraft:enderman":3},"minecraft:used":{"minecraft:iron_shovel":71,"minecraft:chest":14,"minecraft:shield":5,"minecraft:stone":4,"minecraft:iron_sword":20,"minecraft:rotten_flesh":5,"minecraft:iron_chestplate":1,"minecraft:soul_sand":37,"minecraft:carrot":25,"minecraft:axolotl_bucket":12,"minecraft:glass":67,"minecraft:lava_bucket":15,"minecraft:villager_spawn_egg":10,"minecraft:grass_block":10,"minecraft:netherite_hoe":16,"minecraft:birch_trapdoor":30,"minecraft:furnace":12,"minecraft:cooked_cod":6,"minecraft:egg":3,"minecraft:potato":392,"minecraft:diorite":5,"minecraft:acacia_trapdoor":53,"minecraft:oak_planks":18,"minecraft:stone_pickaxe":131,"minecraft:wooden_pickaxe":49,"minecraft:white_wool":2,"minecraft:glow_berries":3,"minecraft:sand":30,"minecraft:bread":3,"minecraft:lectern":8,"minecraft:gravel":3,"minecraft:andesite":9,"minecraft:oak_boat":2,"minecraft:golden_pickaxe":14,"minecraft:oak_trapdoor":15,"minecraft:stone_sword":67,"minecraft:acacia_log":1,"minecraft:flint_and_steel":10,"minecraft:zombie_villager_spawn_egg":4,"minecraft:torch":472,"minecraft:brewing_stand":2,"minecraft:dirt":49,"minecraft:granite":10,"minecraft:wooden_axe":8,"minecraft:iron_axe":318,"minecraft:acacia_slab":159,"minecraft:soul_soil":4,"minecraft:cooked_beef":11,"minecraft:cobbled_deepslate":23,"minecraft:wheat_seeds":23,"minecraft:cooked_mutton":12,"minecraft:water_bucket":22,"minecraft:birch_planks":38,"minecraft:birch_boat":18,"minecraft:fletching_table":6,"minecraft:oak_slab":4,"minecraft:tnt":3,"minecraft:crafting_table":21,"minecraft:cod":1,"minecraft:white_bed":8,"minecraft:oak_button":2,"minecraft:iron_pickaxe":3674,"minecraft:spruce_trapdoor":10,"minecraft:stone_axe":95,"minecraft:cobblestone":466,"minecraft:porkchop":5,"minecraft:cooked_porkchop":10,"minecraft:bucket":53,"minecraft:yellow_bed":1}},"DataVersion":2730}