{"stats":{"minecraft:broken":{"minecraft:stone_pickaxe":2,"minecraft:iron_pickaxe":1},"minecraft:mined":{"minecraft:white_bed":1,"minecraft:glow_lichen":1,"minecraft:grass_block":9,"minecraft:tall_seagrass":1,"minecraft:oak_trapdoor":1,"minecraft:furnace":4,"minecraft:carrots":11,"minecraft:iron_ore":112,"minecraft:andesite":1,"minecraft:peony":1,"minecraft:bell":1,"minecraft:pointed_dripstone":1,"minecraft:potatoes":11,"minecraft:stripped_oak_log":4,"minecraft:stone":135,"minecraft:crafting_table":4,"minecraft:torch":3,"minecraft:chest":2,"minecraft:tall_grass":3,"minecraft:copper_ore":13,"minecraft:cobblestone":1,"minecraft:diorite":6,"minecraft:wall_torch":4,"minecraft:seagrass":1,"minecraft:birch_log":1,"minecraft:wheat":20,"minecraft:bee_nest":1,"minecraft:grass":64,"minecraft:oak_log":15,"minecraft:coal_ore":468,"minecraft:beetroots":2,"minecraft:gravel":2,"minecraft:dirt":25,"minecraft:gold_ore":7},"minecraft:crafted":{"minecraft:oak_planks":60,"minecraft:furnace":3,"minecraft:pink_dye":2,"minecraft:cooked_mutton":16,"minecraft:oak_trapdoor":2,"minecraft:iron_boots":1,"minecraft:iron_axe":1,"minecraft:stone_pickaxe":1,"minecraft:chest":2,"minecraft:cooked_porkchop":13,"minecraft:crafting_table":5,"minecraft:wooden_pickaxe":1,"minecraft:iron_helmet":1,"minecraft:iron_sword":1,"minecraft:birch_planks":92,"minecraft:bucket":3,"minecraft:stone_axe":2,"minecraft:bread":3,"minecraft:air":0,"minecraft:iron_chestplate":2,"minecraft:pink_wool":1,"minecraft:shield":1,"minecraft:stick":100,"minecraft:iron_pickaxe":3,"minecraft:iron_ingot":109,"minecraft:wooden_axe":1,"minecraft:stone_sword":2,"minecraft:iron_leggings":1,"minecraft:torch":84},"minecraft:dropped":{"minecraft:birch_planks":66,"minecraft:crafting_table":1,"minecraft:feather":5,"minecraft:cobblestone":61,"minecraft:dirt":17,"minecraft:diorite":2,"minecraft:torch":3,"minecraft:cornflower":2,"minecraft:wooden_axe":1,"minecraft:string":3,"minecraft:white_wool":6,"minecraft:bone":5,"minecraft:oak_door":1,"minecraft:stone_axe":1,"minecraft:pink_dye":2,"minecraft:wheat":2,"minecraft:pointed_dripstone":2,"minecraft:light_gray_wool":1,"minecraft:oak_planks":1,"minecraft:cooked_mutton":7,"minecraft:white_bed":6,"minecraft:poppy":2,"minecraft:potato":3,"minecraft:andesite":1,"minecraft:beetroot_seeds":4,"minecraft:yellow_bed":4,"minecraft:pink_wool":1,"minecraft:bow":1,"minecraft:wooden_pickaxe":5,"minecraft:stone_pickaxe":1,"minecraft:black_wool":1,"minecraft:egg":2},"minecraft:picked_up":{"minecraft:wooden_axe":3,"minecraft:crafting_table":5,"minecraft:iron_chestplate":1,"minecraft:wheat":11,"minecraft:chicken":3,"minecraft:wooden_pickaxe":4,"minecraft:pink_wool":3,"minecraft:cornflower":10,"minecraft:oak_trapdoor":1,"minecraft:string":7,"minecraft:raw_copper":34,"minecraft:gold_nugget":6,"minecraft:beef":7,"minecraft:oak_boat":1,"minecraft:poppy":2,"minecraft:iron_pickaxe":2,"minecraft:light_gray_wool":1,"minecraft:furnace":3,"minecraft:iron_boots":1,"minecraft:egg":5,"minecraft:stick":5,"minecraft:raw_iron":149,"minecraft:oak_door":1,"minecraft:copper_ingot":1,"minecraft:torch":14,"minecraft:porkchop":36,"minecraft:pointed_dripstone":2,"minecraft:diorite":7,"minecraft:carrot":32,"minecraft:arrow":12,"minecraft:rotten_flesh":9,"minecraft:beetroot_seeds":4,"minecraft:peony":1,"minecraft:mutton":27,"minecraft:white_wool":10,"minecraft:cobblestone":134,"minecraft:stripped_oak_log":4,"minecraft:birch_log":407,"minecraft:feather":10,"minecraft:andesite":2,"minecraft:potato":48,"minecraft:birch_planks":1,"minecraft:oak_log":106,"minecraft:lily_pad":10,"minecraft:yellow_bed":4,"minecraft:dirt":54,"minecraft:cooked_mutton":4,"minecraft:bone":21,"minecraft:apple":15,"minecraft:bow":1,"minecraft:wheat_seeds":76,"minecraft:raw_gold":7,"minecraft:stone_pickaxe":2,"minecraft:iron_ingot":3,"minecraft:oak_planks":80,"minecraft:gravel":1,"minecraft:white_bed":9,"minecraft:gray_wool":2,"minecraft:oak_sapling":9,"minecraft:black_wool":1,"minecraft:coal":488,"minecraft:pink_dye":1},"minecraft:custom":{"minecraft:mob_kills":57,"minecraft:interact_with_crafting_table":33,"minecraft:leave_game":4,"minecraft:time_since_death":59597,"minecraft:climb_one_cm":1234,"minecraft:sprint_one_cm":335268,"minecraft:walk_one_cm":179456,"minecraft:damage_blocked_by_shield":190,"minecraft:drop":65,"minecraft:talked_to_villager":2,"minecraft:play_time":136332,"minecraft:deaths":3,"minecraft:sneak_time":14684,"minecraft:walk_under_water_one_cm":9710,"minecraft:boat_one_cm":36635,"minecraft:jump":2619,"minecraft:walk_on_water_one_cm":28864,"minecraft:total_world_time":136332,"minecraft:interact_with_furnace":80,"minecraft:sleep_in_bed":5,"minecraft:time_since_rest":1542,"minecraft:damage_taken":1357,"minecraft:damage_dealt":6262,"minecraft:swim_one_cm":40058,"minecraft:fly_one_cm":538751,"minecraft:player_kills":1,"minecraft:open_chest":11,"minecraft:crouch_one_cm":32672,"minecraft:fall_one_cm":49084},"minecraft:killed_by":{"minecraft:enderman":1,"minecraft:iron_golem":2},"minecraft:killed":{"minecraft:spider":2,"minecraft:skeleton":4,"minecraft:bee":2,"minecraft:chicken":4,"minecraft:drowned":1,"minecraft:pig":16,"minecraft:iron_golem":1,"minecraft:sheep":19,"minecraft:zombie":3,"minecraft:cow":4},"minecraft:used":{"minecraft:oak_trapdoor":3,"minecraft:stone_sword":67,"minecraft:chest":2,"minecraft:shield":5,"minecraft:iron_sword":12,"minecraft:rotten_flesh":5,"minecraft:iron_chestplate":1,"minecraft:torch":73,"minecraft:dirt":23,"minecraft:carrot":22,"minecraft:axolotl_bucket":3,"minecraft:wooden_axe":7,"minecraft:furnace":6,"minecraft:egg":3,"minecraft:wheat_seeds":11,"minecraft:cooked_mutton":9,"minecraft:water_bucket":2,"minecraft:diorite":4,"minecraft:stone_pickaxe":131,"minecraft:oak_planks":2,"minecraft:wooden_pickaxe":41,"minecraft:glow_berries":3,"minecraft:crafting_table":7,"minecraft:white_bed":3,"minecraft:bread":3,"minecraft:iron_pickaxe":599,"minecraft:gravel":1,"minecraft:stone_axe":77,"minecraft:cobblestone":25,"minecraft:andesite":1,"minecraft:bucket":8}},"DataVersion":2730}