{"stats":{"minecraft:picked_up":{"minecraft:wooden_axe":3,"minecraft:crafting_table":7,"minecraft:iron_chestplate":1,"minecraft:wheat":11,"minecraft:chicken":3,"minecraft:wooden_pickaxe":4,"minecraft:pink_wool":3,"minecraft:gold_block":1,"minecraft:birch_button":2,"minecraft:iron_axe":1,"minecraft:cornflower":10,"minecraft:soul_soil":4,"minecraft:string":7,"minecraft:oak_trapdoor":1,"minecraft:raw_copper":42,"minecraft:iron_leggings":2,"minecraft:gold_nugget":6,"minecraft:cobbled_deepslate":31,"minecraft:beef":8,"minecraft:oak_boat":2,"minecraft:poppy":2,"minecraft:iron_pickaxe":4,"minecraft:light_gray_wool":1,"minecraft:sugar_cane":4,"minecraft:furnace":5,"minecraft:iron_boots":1,"minecraft:egg":5,"minecraft:stick":67,"minecraft:raw_iron":158,"minecraft:stone":10,"minecraft:oak_door":1,"minecraft:composter":1,"minecraft:copper_ingot":1,"minecraft:torch":95,"minecraft:porkchop":47,"minecraft:pointed_dripstone":2,"minecraft:diorite":7,"minecraft:carrot":32,"minecraft:redstone":17,"minecraft:stone_sword":1,"minecraft:arrow":14,"minecraft:rotten_flesh":9,"minecraft:beetroot_seeds":4,"minecraft:peony":1,"minecraft:glistering_melon_slice":14,"minecraft:mutton":32,"minecraft:bone_block":120,"minecraft:white_wool":15,"minecraft:cobblestone":265,"minecraft:stripped_oak_log":4,"minecraft:birch_log":407,"minecraft:feather":18,"minecraft:andesite":25,"minecraft:potato":48,"minecraft:filled_map":2,"minecraft:birch_planks":49,"minecraft:flint":1,"minecraft:tuff":5,"minecraft:oak_log":106,"minecraft:lily_pad":12,"minecraft:yellow_bed":5,"minecraft:lapis_lazuli":9,"minecraft:paper":8,"minecraft:dirt":56,"minecraft:cooked_mutton":4,"minecraft:bone":32,"minecraft:apple":15,"minecraft:kelp":93,"minecraft:bow":1,"minecraft:wheat_seeds":120,"minecraft:raw_gold":21,"minecraft:stone_pickaxe":2,"minecraft:iron_ingot":5,"minecraft:soul_sand":37,"minecraft:oak_planks":145,"minecraft:cooked_porkchop":1,"minecraft:gravel":2,"minecraft:sand":72,"minecraft:white_bed":9,"minecraft:diamond":9,"minecraft:iron_helmet":1,"minecraft:granite":2,"minecraft:gray_wool":2,"minecraft:oak_button":1,"minecraft:oak_sapling":9,"minecraft:black_wool":1,"minecraft:coal":507,"minecraft:pink_dye":1,"minecraft:diamond_pickaxe":1},"minecraft:mined":{"minecraft:diamond_ore":7,"minecraft:tuff":5,"minecraft:white_bed":1,"minecraft:dark_oak_leaves":1,"minecraft:glow_lichen":1,"minecraft:granite":2,"minecraft:grass_block":15,"minecraft:soul_soil":4,"minecraft:sandstone":19,"minecraft:redstone_ore":4,"minecraft:tall_seagrass":1,"minecraft:oak_trapdoor":1,"minecraft:furnace":6,"minecraft:carrots":11,"minecraft:fire":3,"minecraft:iron_ore":112,"minecraft:andesite":18,"minecraft:pumpkin":1,"minecraft:peony":1,"minecraft:gold_block":1,"minecraft:bell":1,"minecraft:pointed_dripstone":1,"minecraft:potatoes":11,"minecraft:stripped_oak_log":4,"minecraft:bone_block":12,"minecraft:stone":269,"minecraft:white_wool":2,"minecraft:soul_sand":37,"minecraft:soul_fire":7,"minecraft:crafting_table":5,"minecraft:torch":13,"minecraft:chest":2,"minecraft:tall_grass":3,"minecraft:copper_ore":16,"minecraft:cobblestone":2,"minecraft:oak_planks":1,"minecraft:sugar_cane":3,"minecraft:diorite":16,"minecraft:wall_torch":7,"minecraft:seagrass":1,"minecraft:birch_log":1,"minecraft:wheat":20,"minecraft:birch_leaves":3,"minecraft:yellow_bed":2,"minecraft:bee_nest":1,"minecraft:grass":69,"minecraft:oak_log":15,"minecraft:coal_ore":468,"minecraft:beetroots":2,"minecraft:sand":34,"minecraft:gravel":22,"minecraft:dirt":33,"minecraft:oak_button":1,"minecraft:gold_ore":7,"minecraft:deepslate":21,"minecraft:oak_leaves":3},"minecraft:used":{"minecraft:oak_trapdoor":3,"minecraft:stone_sword":67,"minecraft:iron_shovel":71,"minecraft:flint_and_steel":1,"minecraft:chest":4,"minecraft:shield":5,"minecraft:iron_sword":12,"minecraft:rotten_flesh":5,"minecraft:iron_chestplate":1,"minecraft:torch":169,"minecraft:soul_sand":37,"minecraft:dirt":23,"minecraft:carrot":25,"minecraft:granite":2,"minecraft:axolotl_bucket":10,"minecraft:wooden_axe":7,"minecraft:lava_bucket":12,"minecraft:soul_soil":4,"minecraft:furnace":8,"minecraft:cooked_cod":6,"minecraft:egg":3,"minecraft:cooked_beef":1,"minecraft:potato":19,"minecraft:cobbled_deepslate":9,"minecraft:wheat_seeds":11,"minecraft:cooked_mutton":10,"minecraft:water_bucket":16,"minecraft:diorite":4,"minecraft:stone_pickaxe":131,"minecraft:oak_planks":18,"minecraft:wooden_pickaxe":41,"minecraft:white_wool":2,"minecraft:glow_berries":3,"minecraft:sand":30,"minecraft:tnt":3,"minecraft:crafting_table":10,"minecraft:white_bed":3,"minecraft:oak_button":2,"minecraft:bread":3,"minecraft:iron_pickaxe":829,"minecraft:gravel":2,"minecraft:stone_axe":95,"minecraft:cobblestone":31,"minecraft:porkchop":5,"minecraft:andesite":1,"minecraft:bucket":42,"minecraft:yellow_bed":1,"minecraft:oak_boat":2,"minecraft:golden_pickaxe":13},"minecraft:killed":{"minecraft:spider":2,"minecraft:skeleton":4,"minecraft:bee":2,"minecraft:chicken":4,"minecraft:drowned":1,"minecraft:pig":21,"minecraft:iron_golem":1,"minecraft:sheep":22,"minecraft:zombie":3,"minecraft:cow":5},"minecraft:broken":{"minecraft:stone_pickaxe":2,"minecraft:iron_pickaxe":2},"minecraft:killed_by":{"minecraft:enderman":1,"minecraft:iron_golem":2},"minecraft:crafted":{"minecraft:oak_planks":60,"minecraft:furnace":3,"minecraft:pink_dye":2,"minecraft:flint_and_steel":1,"minecraft:cooked_mutton":22,"minecraft:oak_trapdoor":2,"minecraft:iron_boots":1,"minecraft:iron_axe":2,"minecraft:stone_pickaxe":1,"minecraft:chest":4,"minecraft:oak_button":1,"minecraft:golden_boots":2,"minecraft:cooked_beef":6,"minecraft:cooked_porkchop":19,"minecraft:crafting_table":6,"minecraft:wooden_pickaxe":1,"minecraft:iron_helmet":2,"minecraft:iron_sword":2,"minecraft:birch_planks":92,"minecraft:bucket":5,"minecraft:stone_axe":2,"minecraft:bread":3,"minecraft:air":0,"minecraft:iron_chestplate":3,"minecraft:pink_wool":1,"minecraft:shield":1,"minecraft:stick":100,"minecraft:iron_ingot":122,"minecraft:iron_pickaxe":4,"minecraft:wooden_axe":1,"minecraft:stone_sword":2,"minecraft:iron_shovel":1,"minecraft:gold_ingot":9,"minecraft:iron_leggings":3,"minecraft:torch":84},"minecraft:custom":{"minecraft:mob_kills":66,"minecraft:interact_with_crafting_table":54,"minecraft:leave_game":6,"minecraft:time_since_death":125382,"minecraft:climb_one_cm":2216,"minecraft:sprint_one_cm":497103,"minecraft:walk_one_cm":294462,"minecraft:damage_blocked_by_shield":190,"minecraft:drop":116,"minecraft:talked_to_villager":2,"minecraft:play_time":202117,"minecraft:deaths":3,"minecraft:sneak_time":21535,"minecraft:walk_under_water_one_cm":13885,"minecraft:boat_one_cm":246198,"minecraft:jump":3595,"minecraft:walk_on_water_one_cm":37447,"minecraft:total_world_time":202117,"minecraft:interact_with_furnace":107,"minecraft:sleep_in_bed":6,"minecraft:time_since_rest":41698,"minecraft:damage_taken":1768,"minecraft:damage_dealt":7162,"minecraft:swim_one_cm":59487,"minecraft:player_kills":1,"minecraft:fly_one_cm":653192,"minecraft:open_chest":40,"minecraft:crouch_one_cm":50108,"minecraft:fall_one_cm":72154},"minecraft:dropped":{"minecraft:iron_ingot":3,"minecraft:porkchop":2,"minecraft:birch_planks":66,"minecraft:wheat_seeds":35,"minecraft:lapis_lazuli":9,"minecraft:crafting_table":3,"minecraft:feather":17,"minecraft:cobblestone":106,"minecraft:copper_ingot":1,"minecraft:coal":61,"minecraft:stick":33,"minecraft:dirt":19,"minecraft:gray_wool":1,"minecraft:diorite":2,"minecraft:torch":3,"minecraft:cornflower":2,"minecraft:wooden_axe":1,"minecraft:iron_leggings":2,"minecraft:sand":43,"minecraft:glistering_melon_slice":14,"minecraft:iron_pickaxe":1,"minecraft:string":3,"minecraft:lily_pad":12,"minecraft:white_wool":7,"minecraft:bone":10,"minecraft:oak_door":1,"minecraft:stone_axe":2,"minecraft:kelp":17,"minecraft:cobbled_deepslate":18,"minecraft:stone_sword":2,"minecraft:pink_dye":2,"minecraft:wheat":2,"minecraft:pointed_dripstone":2,"minecraft:light_gray_wool":1,"minecraft:oak_planks":1,"minecraft:cooked_mutton":7,"minecraft:white_bed":6,"minecraft:flint_and_steel":1,"minecraft:filled_map":3,"minecraft:poppy":2,"minecraft:potato":3,"minecraft:stone":2,"minecraft:iron_chestplate":1,"minecraft:andesite":11,"minecraft:beetroot_seeds":4,"minecraft:pink_wool":1,"minecraft:yellow_bed":4,"minecraft:birch_button":2,"minecraft:bow":1,"minecraft:wooden_pickaxe":5,"minecraft:stone_pickaxe":1,"minecraft:raw_gold":7,"minecraft:black_wool":1,"minecraft:egg":2}},"DataVersion":2730}