{"stats":{"minecraft:picked_up":{"minecraft:birch_log":1,"minecraft:crafting_table":2,"minecraft:wheat":8,"minecraft:potato":1,"minecraft:oak_log":10,"minecraft:yellow_bed":4,"minecraft:dirt":29,"minecraft:cornflower":2,"minecraft:oak_trapdoor":1,"minecraft:string":1,"minecraft:bone":6,"minecraft:wheat_seeds":26,"minecraft:light_gray_wool":1,"minecraft:oak_planks":3,"minecraft:furnace":2,"minecraft:stick":2,"minecraft:raw_iron":21,"minecraft:torch":1,"minecraft:porkchop":13,"minecraft:diorite":3,"minecraft:white_bed":8,"minecraft:arrow":4,"minecraft:beetroot_seeds":1,"minecraft:peony":1,"minecraft:gray_wool":1,"minecraft:black_wool":1,"minecraft:mutton":16,"minecraft:coal":68,"minecraft:pink_dye":1,"minecraft:white_wool":7,"minecraft:cobblestone":70},"minecraft:mined":{"minecraft:crafting_table":2,"minecraft:torch":1,"minecraft:grass_block":8,"minecraft:tall_grass":2,"minecraft:diorite":3,"minecraft:oak_trapdoor":1,"minecraft:furnace":2,"minecraft:birch_log":1,"minecraft:iron_ore":21,"minecraft:wheat":10,"minecraft:peony":1,"minecraft:grass":12,"minecraft:oak_log":10,"minecraft:potatoes":1,"minecraft:coal_ore":68,"minecraft:beetroots":1,"minecraft:dirt":10,"minecraft:stone":69},"minecraft:used":{"minecraft:oak_trapdoor":3,"minecraft:wheat_seeds":11,"minecraft:cooked_mutton":3,"minecraft:stone_sword":38,"minecraft:stone_pickaxe":120,"minecraft:wooden_pickaxe":41,"minecraft:iron_chestplate":1,"minecraft:torch":3,"minecraft:dirt":21,"minecraft:crafting_table":3,"minecraft:white_bed":2,"minecraft:iron_pickaxe":5,"minecraft:bread":2,"minecraft:furnace":2},"minecraft:killed":{"minecraft:pig":6,"minecraft:sheep":10,"minecraft:zombie":1},"minecraft:crafted":{"minecraft:oak_planks":40,"minecraft:cooked_porkchop":13,"minecraft:crafting_table":2,"minecraft:wooden_pickaxe":1,"minecraft:furnace":2,"minecraft:birch_planks":4,"minecraft:pink_dye":2,"minecraft:bread":2,"minecraft:cooked_mutton":16,"minecraft:air":0,"minecraft:oak_trapdoor":2,"minecraft:iron_chestplate":1,"minecraft:pink_wool":1,"minecraft:shield":1,"minecraft:stick":8,"minecraft:iron_ingot":21,"minecraft:iron_pickaxe":1,"minecraft:stone_pickaxe":1,"minecraft:stone_sword":1,"minecraft:torch":4},"minecraft:dropped":{"minecraft:pink_dye":2,"minecraft:cooked_mutton":7,"minecraft:dirt":8,"minecraft:cornflower":2,"minecraft:beetroot_seeds":1,"minecraft:stone_pickaxe":1},"minecraft:custom":{"minecraft:interact_with_furnace":41,"minecraft:mob_kills":17,"minecraft:interact_with_crafting_table":15,"minecraft:time_since_death":35864,"minecraft:sleep_in_bed":3,"minecraft:time_since_rest":14628,"minecraft:sprint_one_cm":57716,"minecraft:damage_taken":209,"minecraft:walk_one_cm":69756,"minecraft:drop":14,"minecraft:damage_dealt":1592,"minecraft:talked_to_villager":2,"minecraft:fly_one_cm":86591,"minecraft:open_chest":2,"minecraft:crouch_one_cm":9849,"minecraft:play_time":35864,"minecraft:sneak_time":5091,"minecraft:walk_under_water_one_cm":1278,"minecraft:jump":479,"minecraft:walk_on_water_one_cm":454,"minecraft:total_world_time":35864,"minecraft:fall_one_cm":8893}},"DataVersion":2730}