{"stats":{"minecraft:picked_up":{"minecraft:wooden_axe":3,"minecraft:crafting_table":6,"minecraft:iron_chestplate":1,"minecraft:wheat":11,"minecraft:chicken":3,"minecraft:wooden_pickaxe":4,"minecraft:pink_wool":3,"minecraft:gold_block":1,"minecraft:birch_button":2,"minecraft:cornflower":10,"minecraft:string":7,"minecraft:oak_trapdoor":1,"minecraft:raw_copper":42,"minecraft:gold_nugget":6,"minecraft:beef":8,"minecraft:oak_boat":2,"minecraft:poppy":2,"minecraft:iron_pickaxe":2,"minecraft:light_gray_wool":1,"minecraft:sugar_cane":4,"minecraft:furnace":3,"minecraft:iron_boots":1,"minecraft:egg":5,"minecraft:stick":40,"minecraft:raw_iron":149,"minecraft:oak_door":1,"minecraft:copper_ingot":1,"minecraft:torch":83,"minecraft:porkchop":45,"minecraft:pointed_dripstone":2,"minecraft:diorite":7,"minecraft:carrot":32,"minecraft:arrow":12,"minecraft:rotten_flesh":9,"minecraft:beetroot_seeds":4,"minecraft:peony":1,"minecraft:mutton":32,"minecraft:white_wool":15,"minecraft:cobblestone":138,"minecraft:stripped_oak_log":4,"minecraft:birch_log":407,"minecraft:feather":18,"minecraft:andesite":2,"minecraft:potato":48,"minecraft:filled_map":1,"minecraft:birch_planks":1,"minecraft:oak_log":106,"minecraft:lily_pad":12,"minecraft:yellow_bed":5,"minecraft:dirt":54,"minecraft:cooked_mutton":4,"minecraft:bone":29,"minecraft:apple":15,"minecraft:kelp":81,"minecraft:bow":1,"minecraft:wheat_seeds":85,"minecraft:raw_gold":7,"minecraft:stone_pickaxe":2,"minecraft:iron_ingot":3,"minecraft:oak_planks":80,"minecraft:gravel":1,"minecraft:sand":26,"minecraft:white_bed":9,"minecraft:gray_wool":2,"minecraft:oak_sapling":9,"minecraft:black_wool":1,"minecraft:coal":488,"minecraft:pink_dye":1},"minecraft:mined":{"minecraft:white_bed":1,"minecraft:glow_lichen":1,"minecraft:grass_block":11,"minecraft:sandstone":16,"minecraft:tall_seagrass":1,"minecraft:oak_trapdoor":1,"minecraft:furnace":4,"minecraft:carrots":11,"minecraft:iron_ore":112,"minecraft:andesite":1,"minecraft:pumpkin":1,"minecraft:peony":1,"minecraft:gold_block":1,"minecraft:bell":1,"minecraft:pointed_dripstone":1,"minecraft:potatoes":11,"minecraft:stripped_oak_log":4,"minecraft:stone":149,"minecraft:white_wool":2,"minecraft:crafting_table":4,"minecraft:torch":4,"minecraft:chest":2,"minecraft:tall_grass":3,"minecraft:copper_ore":16,"minecraft:cobblestone":1,"minecraft:sugar_cane":3,"minecraft:diorite":6,"minecraft:wall_torch":4,"minecraft:seagrass":1,"minecraft:birch_log":1,"minecraft:wheat":20,"minecraft:birch_leaves":3,"minecraft:yellow_bed":2,"minecraft:bee_nest":1,"minecraft:grass":68,"minecraft:oak_log":15,"minecraft:coal_ore":468,"minecraft:beetroots":2,"minecraft:sand":19,"minecraft:gravel":2,"minecraft:dirt":25,"minecraft:gold_ore":7,"minecraft:oak_leaves":3},"minecraft:used":{"minecraft:oak_trapdoor":3,"minecraft:stone_sword":67,"minecraft:chest":2,"minecraft:shield":5,"minecraft:iron_sword":12,"minecraft:rotten_flesh":5,"minecraft:iron_chestplate":1,"minecraft:torch":149,"minecraft:dirt":23,"minecraft:carrot":25,"minecraft:axolotl_bucket":4,"minecraft:wooden_axe":7,"minecraft:furnace":6,"minecraft:egg":3,"minecraft:potato":19,"minecraft:wheat_seeds":11,"minecraft:cooked_mutton":10,"minecraft:water_bucket":2,"minecraft:diorite":4,"minecraft:stone_pickaxe":131,"minecraft:oak_planks":12,"minecraft:wooden_pickaxe":41,"minecraft:white_wool":2,"minecraft:glow_berries":3,"minecraft:sand":3,"minecraft:crafting_table":8,"minecraft:white_bed":3,"minecraft:bread":3,"minecraft:iron_pickaxe":635,"minecraft:gravel":1,"minecraft:stone_axe":95,"minecraft:cobblestone":28,"minecraft:porkchop":5,"minecraft:andesite":1,"minecraft:bucket":9,"minecraft:yellow_bed":1,"minecraft:oak_boat":2},"minecraft:killed":{"minecraft:spider":2,"minecraft:skeleton":4,"minecraft:bee":2,"minecraft:chicken":4,"minecraft:drowned":1,"minecraft:pig":21,"minecraft:iron_golem":1,"minecraft:sheep":22,"minecraft:zombie":3,"minecraft:cow":5},"minecraft:broken":{"minecraft:stone_pickaxe":2,"minecraft:iron_pickaxe":1},"minecraft:killed_by":{"minecraft:enderman":1,"minecraft:iron_golem":2},"minecraft:crafted":{"minecraft:oak_planks":60,"minecraft:furnace":3,"minecraft:pink_dye":2,"minecraft:cooked_mutton":17,"minecraft:oak_trapdoor":2,"minecraft:iron_boots":1,"minecraft:iron_axe":1,"minecraft:stone_pickaxe":1,"minecraft:chest":2,"minecraft:cooked_porkchop":13,"minecraft:crafting_table":5,"minecraft:wooden_pickaxe":1,"minecraft:iron_helmet":2,"minecraft:iron_sword":1,"minecraft:birch_planks":92,"minecraft:bucket":3,"minecraft:stone_axe":2,"minecraft:bread":3,"minecraft:air":0,"minecraft:iron_chestplate":2,"minecraft:pink_wool":1,"minecraft:shield":1,"minecraft:stick":100,"minecraft:iron_ingot":114,"minecraft:iron_pickaxe":3,"minecraft:wooden_axe":1,"minecraft:stone_sword":2,"minecraft:iron_leggings":2,"minecraft:torch":84},"minecraft:custom":{"minecraft:mob_kills":66,"minecraft:interact_with_crafting_table":36,"minecraft:leave_game":6,"minecraft:time_since_death":89382,"minecraft:climb_one_cm":2216,"minecraft:sprint_one_cm":418141,"minecraft:walk_one_cm":216729,"minecraft:damage_blocked_by_shield":190,"minecraft:drop":83,"minecraft:talked_to_villager":2,"minecraft:play_time":166117,"minecraft:deaths":3,"minecraft:sneak_time":14919,"minecraft:walk_under_water_one_cm":13591,"minecraft:boat_one_cm":246198,"minecraft:jump":3118,"minecraft:walk_on_water_one_cm":33354,"minecraft:total_world_time":166117,"minecraft:interact_with_furnace":91,"minecraft:sleep_in_bed":6,"minecraft:time_since_rest":5698,"minecraft:damage_taken":1597,"minecraft:damage_dealt":7112,"minecraft:swim_one_cm":58784,"minecraft:player_kills":1,"minecraft:fly_one_cm":602597,"minecraft:open_chest":14,"minecraft:crouch_one_cm":33501,"minecraft:fall_one_cm":61129},"minecraft:dropped":{"minecraft:iron_ingot":3,"minecraft:birch_planks":66,"minecraft:crafting_table":3,"minecraft:feather":17,"minecraft:cobblestone":61,"minecraft:copper_ingot":1,"minecraft:coal":42,"minecraft:stick":33,"minecraft:dirt":17,"minecraft:gray_wool":1,"minecraft:diorite":2,"minecraft:torch":3,"minecraft:cornflower":2,"minecraft:wooden_axe":1,"minecraft:string":3,"minecraft:lily_pad":12,"minecraft:white_wool":7,"minecraft:bone":10,"minecraft:oak_door":1,"minecraft:stone_axe":1,"minecraft:kelp":17,"minecraft:pink_dye":2,"minecraft:wheat":2,"minecraft:pointed_dripstone":2,"minecraft:light_gray_wool":1,"minecraft:oak_planks":1,"minecraft:cooked_mutton":7,"minecraft:white_bed":6,"minecraft:flint_and_steel":1,"minecraft:filled_map":2,"minecraft:poppy":2,"minecraft:potato":3,"minecraft:andesite":1,"minecraft:beetroot_seeds":4,"minecraft:pink_wool":1,"minecraft:yellow_bed":4,"minecraft:birch_button":2,"minecraft:bow":1,"minecraft:wooden_pickaxe":5,"minecraft:stone_pickaxe":1,"minecraft:black_wool":1,"minecraft:egg":2}},"DataVersion":2730}