{"stats":{"minecraft:picked_up":{"minecraft:wooden_axe":5,"minecraft:iron_chestplate":2,"minecraft:wheat":12,"minecraft:nether_brick_fence":1,"minecraft:diamond_sword":2,"minecraft:enchanted_book":1,"minecraft:potion":6,"minecraft:birch_button":2,"minecraft:nether_brick":24,"minecraft:golden_sword":3,"minecraft:polished_blackstone_brick_stairs":2,"minecraft:string":30,"minecraft:soul_soil":4,"minecraft:raw_copper":52,"minecraft:iron_leggings":3,"minecraft:shroomlight":1,"minecraft:diamond_leggings":2,"minecraft:gold_nugget":15,"minecraft:cobbled_deepslate":982,"minecraft:bucket":15,"minecraft:ender_eye":10,"minecraft:cobblestone_slab":6,"minecraft:calcite":5,"minecraft:iron_pickaxe":18,"minecraft:melon_slice":302,"minecraft:iron_boots":4,"minecraft:furnace":7,"minecraft:stick":77,"minecraft:composter":1,"minecraft:birch_trapdoor":13,"minecraft:purpur_pillar":4,"minecraft:torch":281,"minecraft:acacia_log":127,"minecraft:porkchop":122,"minecraft:pointed_dripstone":2,"minecraft:diorite":153,"minecraft:orange_bed":1,"minecraft:stone_sword":2,"minecraft:rotten_flesh":46,"minecraft:end_rod":3,"minecraft:netherite_chestplate":1,"minecraft:blaze_rod":14,"minecraft:obsidian":14,"minecraft:iron_bars":16,"minecraft:cobblestone":2452,"minecraft:birch_log":489,"minecraft:feather":18,"minecraft:water_bucket":10,"minecraft:andesite":121,"minecraft:potato":61,"minecraft:flint":9,"minecraft:tuff":65,"minecraft:map":1,"minecraft:lapis_lazuli":138,"minecraft:dirt":147,"minecraft:lantern":1,"minecraft:name_tag":1,"minecraft:bone":63,"minecraft:bow":6,"minecraft:wheat_seeds":192,"minecraft:raw_gold":75,"minecraft:cobbled_deepslate_slab":4,"minecraft:diamond_helmet":3,"minecraft:fletching_table":13,"minecraft:glowstone_dust":14,"minecraft:oak_planks":145,"minecraft:ghast_tear":1,"minecraft:cooked_porkchop":55,"minecraft:warped_wart_block":1,"minecraft:sand":75,"minecraft:spectral_arrow":54,"minecraft:iron_hoe":1,"minecraft:dispenser":2,"minecraft:diamond":96,"minecraft:cracked_polished_blackstone_bricks":9,"minecraft:granite":80,"minecraft:golden_horse_armor":1,"minecraft:emerald":40,"minecraft:bread":90,"minecraft:oak_sapling":10,"minecraft:chorus_fruit":38,"minecraft:netherrack":551,"minecraft:crimson_roots":2,"minecraft:diamond_pickaxe":4,"minecraft:crafting_table":13,"minecraft:chicken":3,"minecraft:nether_wart":26,"minecraft:golden_pickaxe":1,"minecraft:leather_leggings":7,"minecraft:wooden_pickaxe":8,"minecraft:pink_wool":3,"minecraft:gold_block":22,"minecraft:purpur_block":14,"minecraft:shield":4,"minecraft:elytra":1,"minecraft:cornflower":18,"minecraft:oak_trapdoor":1,"minecraft:iron_axe":3,"minecraft:flint_and_steel":1,"minecraft:iron_shovel":1,"minecraft:blackstone":56,"minecraft:beef":32,"minecraft:oak_boat":2,"minecraft:observer":1,"minecraft:iron_nugget":62,"minecraft:poppy":7,"minecraft:light_gray_wool":1,"minecraft:lectern":90,"minecraft:sugar_cane":473,"minecraft:chest":2,"minecraft:egg":5,"minecraft:raw_iron":615,"minecraft:end_stone":33,"minecraft:stone":146,"minecraft:oak_door":1,"minecraft:copper_ingot":1,"minecraft:fire_charge":6,"minecraft:polished_blackstone_bricks":65,"minecraft:carrot":52,"minecraft:redstone":451,"minecraft:iron_horse_armor":1,"minecraft:arrow":47,"minecraft:diamond_chestplate":2,"minecraft:beetroot_seeds":4,"minecraft:peony":1,"minecraft:purpur_slab":4,"minecraft:diamond_boots":2,"minecraft:hay_block":9,"minecraft:saddle":3,"minecraft:glistering_melon_slice":14,"minecraft:gold_ingot":20,"minecraft:mutton":88,"minecraft:bone_block":274,"minecraft:white_wool":26,"minecraft:stripped_oak_log":4,"minecraft:crimson_stem":43,"minecraft:leather":36,"minecraft:filled_map":2,"minecraft:birch_planks":49,"minecraft:purpur_stairs":12,"minecraft:oak_log":121,"minecraft:lily_pad":12,"minecraft:ancient_debris":1,"minecraft:golden_boots":1,"minecraft:yellow_bed":5,"minecraft:nether_wart_block":4,"minecraft:gunpowder":23,"minecraft:paper":426,"minecraft:cooked_mutton":89,"minecraft:apple":15,"minecraft:kelp":118,"minecraft:acacia_trapdoor":8,"minecraft:iron_ingot":13,"minecraft:stone_pickaxe":3,"minecraft:cooked_chicken":1,"minecraft:iron_sword":3,"minecraft:acacia_sapling":7,"minecraft:soul_sand":43,"minecraft:book":412,"minecraft:oak_slab":4,"minecraft:smooth_basalt":19,"minecraft:birch_boat":18,"minecraft:quartz":48,"minecraft:dandelion":1,"minecraft:gravel":157,"minecraft:white_bed":14,"minecraft:dragon_egg":2,"minecraft:crying_obsidian":14,"minecraft:spider_eye":16,"minecraft:diamond_axe":2,"minecraft:iron_helmet":4,"minecraft:gray_wool":7,"minecraft:warped_roots":11,"minecraft:oak_button":1,"minecraft:melon_seeds":1,"minecraft:acacia_slab":83,"minecraft:black_wool":3,"minecraft:warped_nylium":2,"minecraft:coal":957,"minecraft:pink_dye":1,"minecraft:shulker_shell":4,"minecraft:ender_pearl":27},"minecraft:used":{"minecraft:iron_shovel":71,"minecraft:bone_block":5,"minecraft:dispenser":2,"minecraft:oak_sign":10,"minecraft:axolotl_spawn_egg":7,"minecraft:chest":18,"minecraft:shield":12,"minecraft:iron_sword":344,"minecraft:stone":27,"minecraft:rotten_flesh":7,"minecraft:iron_chestplate":2,"minecraft:soul_sand":37,"minecraft:mutton":5,"minecraft:carrot":25,"minecraft:axolotl_bucket":23,"minecraft:glass":67,"minecraft:lava_bucket":17,"minecraft:villager_spawn_egg":10,"minecraft:grass_block":10,"minecraft:warped_nylium":1,"minecraft:netherite_hoe":16,"minecraft:iron_helmet":2,"minecraft:birch_trapdoor":30,"minecraft:bow":10,"minecraft:furnace":12,"minecraft:cooked_cod":8,"minecraft:egg":3,"minecraft:potato":392,"minecraft:end_rod":1,"minecraft:diamond_boots":2,"minecraft:diorite":67,"minecraft:acacia_trapdoor":69,"minecraft:oak_planks":18,"minecraft:stone_pickaxe":131,"minecraft:blackstone":11,"minecraft:ender_pearl":2,"minecraft:wooden_pickaxe":49,"minecraft:diamond_axe":88,"minecraft:sugar_cane":32,"minecraft:purpur_pillar":4,"minecraft:white_wool":2,"minecraft:glow_berries":3,"minecraft:purpur_stairs":11,"minecraft:sand":32,"minecraft:end_stone":6,"minecraft:crying_obsidian":4,"minecraft:melon_slice":35,"minecraft:bread":23,"minecraft:lectern":90,"minecraft:gravel":40,"minecraft:diamond_sword":75,"minecraft:nether_wart_block":7,"minecraft:smithing_table":1,"minecraft:andesite":92,"minecraft:oak_boat":2,"minecraft:purpur_block":9,"minecraft:golden_pickaxe":14,"minecraft:oak_trapdoor":15,"minecraft:stone_sword":90,"minecraft:acacia_log":1,"minecraft:flint_and_steel":10,"minecraft:zombie_villager_spawn_egg":4,"minecraft:ender_chest":1,"minecraft:netherrack":275,"minecraft:torch":518,"minecraft:brewing_stand":2,"minecraft:dirt":63,"minecraft:diamond_helmet":2,"minecraft:granite":60,"minecraft:shroomlight":1,"minecraft:wooden_axe":8,"minecraft:iron_axe":672,"minecraft:acacia_slab":161,"minecraft:melon_seeds":1,"minecraft:diamond_chestplate":1,"minecraft:soul_soil":4,"minecraft:cooked_beef":11,"minecraft:cobbled_deepslate":428,"minecraft:observer":1,"minecraft:iron_leggings":2,"minecraft:crimson_stem":1,"minecraft:wheat_seeds":23,"minecraft:cooked_mutton":37,"minecraft:water_bucket":215,"minecraft:birch_planks":38,"minecraft:netherite_chestplate":1,"minecraft:birch_boat":18,"minecraft:fletching_table":6,"minecraft:cobblestone_slab":33,"minecraft:polished_blackstone_bricks":31,"minecraft:oak_slab":4,"minecraft:tnt":3,"minecraft:crafting_table":23,"minecraft:white_bed":8,"minecraft:cod":1,"minecraft:ender_eye":21,"minecraft:diamond_pickaxe":14,"minecraft:cracked_polished_blackstone_bricks":28,"minecraft:oak_button":2,"minecraft:iron_pickaxe":6603,"minecraft:map":2,"minecraft:stone_slab":2,"minecraft:spruce_trapdoor":10,"minecraft:stone_axe":95,"minecraft:cobblestone":850,"minecraft:cobbled_deepslate_slab":4,"minecraft:porkchop":5,"minecraft:cooked_porkchop":40,"minecraft:bucket":253,"minecraft:yellow_bed":1,"minecraft:gray_wool":2,"minecraft:diamond_leggings":2},"minecraft:mined":{"minecraft:attached_melon_stem":1,"minecraft:white_bed":3,"minecraft:granite":103,"minecraft:budding_amethyst":1,"minecraft:acacia_log":127,"minecraft:grass_block":40,"minecraft:cracked_polished_blackstone_bricks":4,"minecraft:soul_soil":5,"minecraft:purpur_slab":2,"minecraft:nether_wart":10,"minecraft:spawner":2,"minecraft:gilded_blackstone":1,"minecraft:weeping_vines_plant":1,"minecraft:polished_blackstone_bricks":38,"minecraft:tall_seagrass":1,"minecraft:iron_ore":469,"minecraft:cobbled_deepslate":109,"minecraft:fire":39,"minecraft:pumpkin":1,"minecraft:deepslate_lapis_ore":3,"minecraft:fletching_table":4,"minecraft:pointed_dripstone":1,"minecraft:iron_bars":5,"minecraft:small_amethyst_bud":1,"minecraft:orange_bed":1,"minecraft:deepslate_redstone_ore":44,"minecraft:blackstone":2,"minecraft:twisting_vines_plant":1,"minecraft:kelp_plant":1,"minecraft:medium_amethyst_bud":1,"minecraft:melon_stem":1,"minecraft:crimson_nylium":6,"minecraft:soul_fire":7,"minecraft:purpur_stairs":12,"minecraft:torch":39,"minecraft:calcite":20,"minecraft:melon":21,"minecraft:chest":4,"minecraft:nether_quartz_ore":2,"minecraft:cobblestone":79,"minecraft:oak_planks":7,"minecraft:sugar_cane":315,"minecraft:wall_torch":33,"minecraft:amethyst_block":8,"minecraft:deepslate_copper_ore":11,"minecraft:seagrass":2,"minecraft:nether_wart_block":3,"minecraft:birch_log":1,"minecraft:wheat":79,"minecraft:birch_trapdoor":9,"minecraft:purpur_block":13,"minecraft:grass":108,"minecraft:oak_log":30,"minecraft:beetroots":2,"minecraft:sand":34,"minecraft:dirt":100,"minecraft:smooth_basalt":22,"minecraft:netherrack":163,"minecraft:oak_leaves":6,"minecraft:deepslate":1241,"minecraft:nether_gold_ore":5,"minecraft:diamond_ore":65,"minecraft:tuff":89,"minecraft:deepslate_diamond_ore":17,"minecraft:dark_oak_leaves":1,"minecraft:end_stone":12,"minecraft:cobbled_deepslate_slab":2,"minecraft:glow_lichen":1,"minecraft:nether_bricks":3,"minecraft:crimson_roots":1,"minecraft:acacia_slab":81,"minecraft:kelp":2,"minecraft:sandstone":19,"minecraft:hay_block":9,"minecraft:redstone_ore":70,"minecraft:oak_trapdoor":1,"minecraft:furnace":8,"minecraft:carrots":11,"minecraft:acacia_trapdoor":8,"minecraft:andesite":170,"minecraft:peony":1,"minecraft:gold_block":18,"minecraft:bell":1,"minecraft:nether_brick_fence":1,"minecraft:bookshelf":135,"minecraft:potatoes":11,"minecraft:shroomlight":1,"minecraft:deepslate_iron_ore":99,"minecraft:stripped_oak_log":4,"minecraft:chorus_plant":1,"minecraft:stone":2672,"minecraft:bone_block":36,"minecraft:white_wool":2,"minecraft:ender_chest":1,"minecraft:oak_slab":3,"minecraft:acacia_leaves":31,"minecraft:soul_sand":37,"minecraft:magenta_stained_glass":6,"minecraft:basalt":1,"minecraft:crafting_table":10,"minecraft:warped_roots":1,"minecraft:lectern":90,"minecraft:purpur_pillar":6,"minecraft:copper_ore":19,"minecraft:tall_grass":13,"minecraft:deepslate_coal_ore":20,"minecraft:lapis_ore":13,"minecraft:deepslate_gold_ore":30,"minecraft:polished_blackstone_brick_stairs":1,"minecraft:diorite":212,"minecraft:birch_leaves":3,"minecraft:bee_nest":1,"minecraft:yellow_bed":2,"minecraft:coal_ore":691,"minecraft:end_rod":2,"minecraft:gravel":124,"minecraft:cobweb":9,"minecraft:oak_button":1,"minecraft:stone_bricks":2,"minecraft:gold_ore":31},"minecraft:killed":{"minecraft:witch":1,"minecraft:zombified_piglin":3,"minecraft:spider":16,"minecraft:shulker":8,"minecraft:skeleton":19,"minecraft:bee":2,"minecraft:chicken":6,"minecraft:magma_cube":1,"minecraft:pig":40,"minecraft:zombie_villager":2,"minecraft:iron_golem":1,"minecraft:ender_dragon":1,"minecraft:creeper":5,"minecraft:sheep":38,"minecraft:zombie":38,"minecraft:blaze":16,"minecraft:cow":18,"minecraft:drowned":3,"minecraft:wither_skeleton":3,"minecraft:enderman":17},"minecraft:broken":{"minecraft:golden_boots":2,"minecraft:stone_pickaxe":2,"minecraft:iron_sword":1,"minecraft:iron_axe":3,"minecraft:iron_pickaxe":22},"minecraft:killed_by":{"minecraft:piglin_brute":1,"minecraft:zombie":1,"minecraft:player":1,"minecraft:enderman":1,"minecraft:iron_golem":2,"minecraft:skeleton":1},"minecraft:crafted":{"minecraft:oak_planks":120,"minecraft:blaze_powder":28,"minecraft:cooked_chicken":1,"minecraft:birch_boat":1,"minecraft:stone":4,"minecraft:cooked_mutton":103,"minecraft:glass":136,"minecraft:diamond_helmet":1,"minecraft:iron_boots":1,"minecraft:chest":20,"minecraft:oak_button":1,"minecraft:ender_eye":16,"minecraft:golden_boots":3,"minecraft:oak_slab":6,"minecraft:emerald":20,"minecraft:cooked_porkchop":47,"minecraft:diamond_axe":1,"minecraft:crafting_table":14,"minecraft:spruce_planks":32,"minecraft:acacia_slab":138,"minecraft:wooden_pickaxe":1,"minecraft:iron_helmet":2,"minecraft:smithing_table":1,"minecraft:birch_planks":352,"minecraft:spruce_trapdoor":10,"minecraft:book":6,"minecraft:iron_chestplate":3,"minecraft:paper":42,"minecraft:pink_wool":1,"minecraft:shield":2,"minecraft:stick":192,"minecraft:iron_ingot":399,"minecraft:iron_pickaxe":19,"minecraft:stone_sword":2,"minecraft:gold_ingot":224,"minecraft:composter":8,"minecraft:furnace":11,"minecraft:pink_dye":2,"minecraft:oak_trapdoor":14,"minecraft:flint_and_steel":1,"minecraft:iron_axe":7,"minecraft:iron_hoe":1,"minecraft:stone_pickaxe":1,"minecraft:diamond_boots":1,"minecraft:cooked_beef":19,"minecraft:cooked_cod":2,"minecraft:diamond_sword":1,"minecraft:iron_sword":3,"minecraft:acacia_trapdoor":68,"minecraft:bucket":8,"minecraft:stone_axe":2,"minecraft:enchanted_book":2,"minecraft:acacia_boat":1,"minecraft:air":0,"minecraft:bread":62,"minecraft:oak_boat":1,"minecraft:wooden_axe":1,"minecraft:birch_trapdoor":26,"minecraft:iron_shovel":2,"minecraft:iron_leggings":3,"minecraft:acacia_planks":340,"minecraft:torch":224,"minecraft:diamond_chestplate":1,"minecraft:ender_chest":1},"minecraft:custom":{"minecraft:animals_bred":6,"minecraft:interact_with_crafting_table":145,"minecraft:open_barrel":1,"minecraft:bell_ring":10,"minecraft:leave_game":37,"minecraft:time_since_death":30645,"minecraft:sprint_one_cm":1569718,"minecraft:damage_blocked_by_shield":485,"minecraft:drop":632,"minecraft:talked_to_villager":224,"minecraft:play_time":967825,"minecraft:deaths":8,"minecraft:jump":13565,"minecraft:interact_with_brewingstand":3,"minecraft:walk_on_water_one_cm":201187,"minecraft:interact_with_furnace":243,"minecraft:traded_with_villager":22,"minecraft:sleep_in_bed":29,"minecraft:open_enderchest":7,"minecraft:damage_dealt":39453,"minecraft:player_kills":1,"minecraft:crouch_one_cm":330893,"minecraft:inspect_dispenser":5,"minecraft:interact_with_smithing_table":2,"minecraft:inspect_dropper":3,"minecraft:interact_with_anvil":5,"minecraft:mob_kills":248,"minecraft:climb_one_cm":6689,"minecraft:walk_one_cm":1510264,"minecraft:sneak_time":119198,"minecraft:walk_under_water_one_cm":88491,"minecraft:boat_one_cm":378331,"minecraft:interact_with_blast_furnace":1,"minecraft:total_world_time":967825,"minecraft:time_since_rest":30712,"minecraft:damage_taken":9848,"minecraft:swim_one_cm":79923,"minecraft:fly_one_cm":5362973,"minecraft:open_chest":328,"minecraft:fall_one_cm":291486},"minecraft:dropped":{"minecraft:acacia_boat":1,"minecraft:iron_sword":1,"minecraft:soul_sand":6,"minecraft:birch_planks":76,"minecraft:porkchop":7,"minecraft:lapis_lazuli":53,"minecraft:chorus_fruit":38,"minecraft:golden_pickaxe":1,"minecraft:ender_pearl":3,"minecraft:diamond":6,"minecraft:crafting_table":3,"minecraft:cooked_porkchop":7,"minecraft:warped_roots":11,"minecraft:leather":30,"minecraft:fletching_table":1,"minecraft:purpur_stairs":1,"minecraft:flint":4,"minecraft:dirt":25,"minecraft:polished_blackstone_brick_stairs":1,"minecraft:cornflower":18,"minecraft:crimson_roots":2,"minecraft:gold_nugget":17,"minecraft:bone_block":85,"minecraft:axolotl_bucket":1,"minecraft:sand":43,"minecraft:polished_blackstone_bricks":5,"minecraft:glistering_melon_slice":14,"minecraft:iron_pickaxe":10,"minecraft:birch_log":82,"minecraft:white_wool":17,"minecraft:gold_ingot":37,"minecraft:bone":25,"minecraft:oak_door":1,"minecraft:gravel":6,"minecraft:purpur_block":5,"minecraft:stone_axe":2,"minecraft:blackstone":1,"minecraft:sugar_cane":135,"minecraft:iron_nugget":15,"minecraft:cobbled_deepslate":428,"minecraft:pink_dye":2,"minecraft:wheat":2,"minecraft:obsidian":1,"minecraft:pointed_dripstone":2,"minecraft:rotten_flesh":8,"minecraft:enchanted_golden_apple":1,"minecraft:oak_planks":59,"minecraft:end_stone":23,"minecraft:glowstone_dust":14,"minecraft:blaze_powder":12,"minecraft:cooked_mutton":70,"minecraft:nether_brick_fence":1,"minecraft:white_bed":22,"minecraft:carrot":21,"minecraft:shulker_shell":2,"minecraft:poppy":8,"minecraft:gunpowder":10,"minecraft:birch_trapdoor":9,"minecraft:beetroot_seeds":4,"minecraft:acacia_slab":1,"minecraft:acacia_sapling":4,"minecraft:chest":1,"minecraft:leather_leggings":7,"minecraft:birch_button":2,"minecraft:iron_bars":8,"minecraft:arrow":14,"minecraft:beef":23,"minecraft:campfire":1,"minecraft:ghast_tear":1,"minecraft:netherrack":97,"minecraft:egg":2,"minecraft:enchanted_book":2,"minecraft:water_bucket":7,"minecraft:iron_ingot":34,"minecraft:bread":103,"minecraft:wheat_seeds":80,"minecraft:golden_horse_armor":1,"minecraft:diamond_leggings":1,"minecraft:purpur_slab":4,"minecraft:iron_helmet":1,"minecraft:feather":17,"minecraft:cobblestone":929,"minecraft:granite":12,"minecraft:copper_ingot":1,"minecraft:acacia_trapdoor":6,"minecraft:grass_block":1,"minecraft:coal":453,"minecraft:end_rod":1,"minecraft:stick":47,"minecraft:gray_wool":1,"minecraft:diorite":59,"minecraft:torch":5,"minecraft:repeater":10,"minecraft:wooden_axe":2,"minecraft:nether_wart_block":1,"minecraft:melon_slice":8,"minecraft:diamond_helmet":2,"minecraft:potion":1,"minecraft:iron_leggings":4,"minecraft:iron_axe":2,"minecraft:orange_bed":1,"minecraft:iron_shovel":2,"minecraft:paper":43,"minecraft:string":14,"minecraft:lily_pad":12,"minecraft:bucket":4,"minecraft:acacia_planks":2,"minecraft:smooth_basalt":19,"minecraft:furnace":6,"minecraft:kelp":53,"minecraft:netherite_hoe":1,"minecraft:warped_nylium":1,"minecraft:stone_sword":2,"minecraft:raw_copper":4,"minecraft:raw_iron":15,"minecraft:composter":9,"minecraft:light_gray_wool":1,"minecraft:iron_boots":3,"minecraft:iron_hoe":1,"minecraft:ender_eye":2,"minecraft:flint_and_steel":1,"minecraft:filled_map":5,"minecraft:potato":34,"minecraft:cobblestone_slab":5,"minecraft:hay_block":9,"minecraft:stone":74,"minecraft:shield":2,"minecraft:diamond_chestplate":1,"minecraft:diamond_pickaxe":3,"minecraft:iron_chestplate":1,"minecraft:andesite":24,"minecraft:yellow_bed":4,"minecraft:pink_wool":1,"minecraft:golden_sword":1,"minecraft:birch_boat":1,"minecraft:bow":6,"minecraft:stone_pickaxe":1,"minecraft:wooden_pickaxe":10,"minecraft:raw_gold":7,"minecraft:calcite":5,"minecraft:black_wool":3}},"DataVersion":2730}