{"stats":{"minecraft:picked_up":{"minecraft:stick":2,"minecraft:bone":1,"minecraft:birch_log":1},"minecraft:mined":{"minecraft:birch_log":1},"minecraft:killed":{"minecraft:zombie":1},"minecraft:crafted":{"minecraft:birch_planks":4},"minecraft:custom":{"minecraft:jump":78,"minecraft:time_since_rest":2664,"minecraft:damage_dealt":182,"minecraft:sprint_one_cm":12536,"minecraft:play_time":5864,"minecraft:damage_taken":144,"minecraft:time_since_death":5864,"minecraft:walk_one_cm":3053,"minecraft:sleep_in_bed":1,"minecraft:total_world_time":5864,"minecraft:mob_kills":1,"minecraft:fall_one_cm":2299,"minecraft:fly_one_cm":20990}},"DataVersion":2730}