{"stats":{"minecraft:picked_up":{"minecraft:birch_log":1,"minecraft:crafting_table":2,"minecraft:wheat":8,"minecraft:feather":1,"minecraft:wooden_pickaxe":3,"minecraft:potato":1,"minecraft:birch_planks":1,"minecraft:oak_log":10,"minecraft:yellow_bed":4,"minecraft:dirt":29,"minecraft:cornflower":2,"minecraft:oak_trapdoor":1,"minecraft:string":7,"minecraft:bone":11,"minecraft:apple":15,"minecraft:wheat_seeds":26,"minecraft:raw_gold":7,"minecraft:light_gray_wool":1,"minecraft:oak_planks":3,"minecraft:furnace":2,"minecraft:stick":2,"minecraft:raw_iron":101,"minecraft:torch":7,"minecraft:porkchop":15,"minecraft:pointed_dripstone":2,"minecraft:diorite":3,"minecraft:white_bed":9,"minecraft:arrow":12,"minecraft:rotten_flesh":4,"minecraft:beetroot_seeds":1,"minecraft:peony":1,"minecraft:gray_wool":1,"minecraft:black_wool":1,"minecraft:mutton":16,"minecraft:coal":209,"minecraft:pink_dye":1,"minecraft:white_wool":7,"minecraft:cobblestone":88},"minecraft:mined":{"minecraft:white_bed":1,"minecraft:glow_lichen":1,"minecraft:crafting_table":2,"minecraft:torch":2,"minecraft:grass_block":8,"minecraft:cobblestone":1,"minecraft:tall_grass":3,"minecraft:diorite":3,"minecraft:wall_torch":3,"minecraft:oak_trapdoor":1,"minecraft:furnace":2,"minecraft:birch_log":1,"minecraft:iron_ore":63,"minecraft:wheat":10,"minecraft:peony":1,"minecraft:grass":15,"minecraft:pointed_dripstone":1,"minecraft:oak_log":10,"minecraft:potatoes":1,"minecraft:coal_ore":200,"minecraft:beetroots":1,"minecraft:dirt":21,"minecraft:stone":110,"minecraft:gold_ore":7},"minecraft:used":{"minecraft:oak_trapdoor":3,"minecraft:wheat_seeds":11,"minecraft:cooked_mutton":9,"minecraft:diorite":2,"minecraft:stone_sword":67,"minecraft:stone_pickaxe":120,"minecraft:shield":5,"minecraft:wooden_pickaxe":41,"minecraft:iron_sword":12,"minecraft:iron_chestplate":1,"minecraft:torch":35,"minecraft:glow_berries":3,"minecraft:dirt":21,"minecraft:crafting_table":4,"minecraft:white_bed":3,"minecraft:iron_pickaxe":233,"minecraft:bread":2,"minecraft:cobblestone":9,"minecraft:furnace":4,"minecraft:bucket":2},"minecraft:killed":{"minecraft:pig":8,"minecraft:spider":2,"minecraft:skeleton":4,"minecraft:sheep":10,"minecraft:zombie":3},"minecraft:crafted":{"minecraft:oak_planks":40,"minecraft:cooked_porkchop":13,"minecraft:crafting_table":2,"minecraft:iron_helmet":1,"minecraft:wooden_pickaxe":1,"minecraft:iron_sword":1,"minecraft:furnace":2,"minecraft:bucket":2,"minecraft:birch_planks":4,"minecraft:pink_dye":2,"minecraft:bread":2,"minecraft:cooked_mutton":16,"minecraft:air":0,"minecraft:oak_trapdoor":2,"minecraft:iron_boots":1,"minecraft:iron_chestplate":1,"minecraft:pink_wool":1,"minecraft:shield":1,"minecraft:iron_axe":1,"minecraft:stick":44,"minecraft:iron_ingot":61,"minecraft:iron_pickaxe":2,"minecraft:stone_pickaxe":1,"minecraft:stone_sword":1,"minecraft:iron_leggings":1,"minecraft:torch":20},"minecraft:dropped":{"minecraft:birch_planks":2,"minecraft:pink_dye":2,"minecraft:pointed_dripstone":2,"minecraft:wheat":2,"minecraft:feather":1,"minecraft:cobblestone":58,"minecraft:light_gray_wool":1,"minecraft:oak_planks":1,"minecraft:cooked_mutton":7,"minecraft:white_bed":6,"minecraft:dirt":8,"minecraft:potato":1,"minecraft:diorite":1,"minecraft:torch":3,"minecraft:cornflower":2,"minecraft:pink_wool":1,"minecraft:beetroot_seeds":1,"minecraft:yellow_bed":4,"minecraft:wooden_pickaxe":4,"minecraft:stone_pickaxe":1,"minecraft:string":3,"minecraft:white_wool":6,"minecraft:black_wool":1},"minecraft:custom":{"minecraft:interact_with_furnace":68,"minecraft:mob_kills":27,"minecraft:interact_with_crafting_table":21,"minecraft:time_since_death":59864,"minecraft:sleep_in_bed":3,"minecraft:time_since_rest":38628,"minecraft:sprint_one_cm":143317,"minecraft:damage_taken":456,"minecraft:walk_one_cm":105092,"minecraft:damage_blocked_by_shield":190,"minecraft:drop":47,"minecraft:damage_dealt":3161,"minecraft:player_kills":1,"minecraft:swim_one_cm":5236,"minecraft:talked_to_villager":2,"minecraft:fly_one_cm":182098,"minecraft:open_chest":3,"minecraft:crouch_one_cm":19946,"minecraft:play_time":59864,"minecraft:sneak_time":9162,"minecraft:walk_under_water_one_cm":3222,"minecraft:jump":1019,"minecraft:walk_on_water_one_cm":6986,"minecraft:total_world_time":59864,"minecraft:fall_one_cm":13801}},"DataVersion":2730}