{"stats":{"minecraft:dropped":{"minecraft:soul_sand":6,"minecraft:birch_planks":76,"minecraft:porkchop":2,"minecraft:lapis_lazuli":53,"minecraft:golden_pickaxe":1,"minecraft:crafting_table":3,"minecraft:cooked_porkchop":6,"minecraft:flint":4,"minecraft:dirt":24,"minecraft:cornflower":2,"minecraft:gold_nugget":8,"minecraft:sand":43,"minecraft:glistering_melon_slice":14,"minecraft:iron_pickaxe":6,"minecraft:birch_log":82,"minecraft:white_wool":7,"minecraft:gold_ingot":37,"minecraft:bone":21,"minecraft:oak_door":1,"minecraft:gravel":6,"minecraft:stone_axe":2,"minecraft:iron_nugget":15,"minecraft:cobbled_deepslate":423,"minecraft:pink_dye":2,"minecraft:wheat":2,"minecraft:obsidian":1,"minecraft:pointed_dripstone":2,"minecraft:rotten_flesh":5,"minecraft:oak_planks":59,"minecraft:cooked_mutton":7,"minecraft:white_bed":22,"minecraft:carrot":10,"minecraft:poppy":8,"minecraft:birch_trapdoor":9,"minecraft:beetroot_seeds":4,"minecraft:leather_leggings":7,"minecraft:birch_button":2,"minecraft:arrow":13,"minecraft:egg":2,"minecraft:iron_ingot":25,"minecraft:wheat_seeds":76,"minecraft:feather":17,"minecraft:cobblestone":923,"minecraft:granite":12,"minecraft:copper_ingot":1,"minecraft:grass_block":1,"minecraft:acacia_trapdoor":6,"minecraft:coal":445,"minecraft:stick":43,"minecraft:gray_wool":1,"minecraft:diorite":56,"minecraft:torch":3,"minecraft:repeater":10,"minecraft:wooden_axe":2,"minecraft:iron_leggings":2,"minecraft:orange_bed":1,"minecraft:iron_shovel":2,"minecraft:string":13,"minecraft:lily_pad":12,"minecraft:acacia_planks":2,"minecraft:smooth_basalt":19,"minecraft:furnace":6,"minecraft:kelp":53,"minecraft:netherite_hoe":1,"minecraft:stone_sword":2,"minecraft:raw_copper":4,"minecraft:composter":9,"minecraft:raw_iron":15,"minecraft:light_gray_wool":1,"minecraft:iron_boots":1,"minecraft:iron_hoe":1,"minecraft:flint_and_steel":1,"minecraft:filled_map":4,"minecraft:potato":32,"minecraft:cobblestone_slab":3,"minecraft:hay_block":9,"minecraft:stone":10,"minecraft:iron_chestplate":1,"minecraft:andesite":24,"minecraft:yellow_bed":4,"minecraft:pink_wool":1,"minecraft:birch_boat":1,"minecraft:bow":5,"minecraft:stone_pickaxe":1,"minecraft:wooden_pickaxe":9,"minecraft:raw_gold":7,"minecraft:calcite":5,"minecraft:black_wool":1},"minecraft:broken":{"minecraft:golden_boots":1,"minecraft:stone_pickaxe":2,"minecraft:iron_axe":2,"minecraft:iron_pickaxe":22},"minecraft:crafted":{"minecraft:oak_planks":100,"minecraft:birch_boat":1,"minecraft:cooked_chicken":1,"minecraft:stone":4,"minecraft:cooked_mutton":41,"minecraft:glass":136,"minecraft:iron_boots":1,"minecraft:chest":18,"minecraft:oak_button":1,"minecraft:golden_boots":2,"minecraft:oak_slab":6,"minecraft:cooked_porkchop":47,"minecraft:crafting_table":13,"minecraft:spruce_planks":32,"minecraft:acacia_slab":138,"minecraft:wooden_pickaxe":1,"minecraft:iron_helmet":2,"minecraft:birch_planks":352,"minecraft:spruce_trapdoor":10,"minecraft:book":6,"minecraft:iron_chestplate":3,"minecraft:pink_wool":1,"minecraft:shield":2,"minecraft:stick":176,"minecraft:iron_ingot":238,"minecraft:iron_pickaxe":17,"minecraft:stone_sword":2,"minecraft:gold_ingot":45,"minecraft:composter":8,"minecraft:furnace":11,"minecraft:pink_dye":2,"minecraft:oak_trapdoor":14,"minecraft:flint_and_steel":1,"minecraft:iron_axe":5,"minecraft:iron_hoe":1,"minecraft:stone_pickaxe":1,"minecraft:cooked_beef":19,"minecraft:cooked_cod":2,"minecraft:iron_sword":3,"minecraft:acacia_trapdoor":68,"minecraft:bucket":8,"minecraft:stone_axe":2,"minecraft:air":0,"minecraft:bread":28,"minecraft:oak_boat":1,"minecraft:wooden_axe":1,"minecraft:birch_trapdoor":26,"minecraft:iron_shovel":2,"minecraft:iron_leggings":3,"minecraft:acacia_planks":320,"minecraft:torch":224},"minecraft:killed_by":{"minecraft:zombie":1,"minecraft:enderman":1,"minecraft:iron_golem":2,"minecraft:skeleton":1},"minecraft:picked_up":{"minecraft:wooden_axe":5,"minecraft:iron_chestplate":2,"minecraft:wheat":11,"minecraft:potion":6,"minecraft:birch_button":2,"minecraft:nether_brick":24,"minecraft:golden_sword":2,"minecraft:string":25,"minecraft:soul_soil":4,"minecraft:raw_copper":52,"minecraft:iron_leggings":3,"minecraft:gold_nugget":6,"minecraft:cobbled_deepslate":977,"minecraft:bucket":3,"minecraft:cobblestone_slab":2,"minecraft:calcite":5,"minecraft:iron_pickaxe":14,"minecraft:melon_slice":120,"minecraft:furnace":7,"minecraft:iron_boots":2,"minecraft:stick":69,"minecraft:composter":1,"minecraft:birch_trapdoor":13,"minecraft:torch":174,"minecraft:acacia_log":127,"minecraft:porkchop":63,"minecraft:pointed_dripstone":2,"minecraft:diorite":146,"minecraft:stone_sword":1,"minecraft:rotten_flesh":40,"minecraft:obsidian":6,"minecraft:cobblestone":2269,"minecraft:birch_log":489,"minecraft:feather":18,"minecraft:water_bucket":2,"minecraft:andesite":120,"minecraft:potato":58,"minecraft:flint":9,"minecraft:tuff":65,"minecraft:map":1,"minecraft:lapis_lazuli":138,"minecraft:dirt":142,"minecraft:name_tag":1,"minecraft:bone":48,"minecraft:bow":5,"minecraft:wheat_seeds":187,"minecraft:cobbled_deepslate_slab":4,"minecraft:raw_gold":75,"minecraft:fletching_table":12,"minecraft:oak_planks":145,"minecraft:cooked_porkchop":39,"minecraft:sand":75,"minecraft:spectral_arrow":54,"minecraft:iron_hoe":1,"minecraft:diamond":84,"minecraft:granite":80,"minecraft:bread":5,"minecraft:oak_sapling":10,"minecraft:netherrack":6,"minecraft:diamond_pickaxe":1,"minecraft:crafting_table":12,"minecraft:chicken":3,"minecraft:leather_leggings":7,"minecraft:pink_wool":3,"minecraft:wooden_pickaxe":8,"minecraft:gold_block":1,"minecraft:shield":1,"minecraft:cornflower":10,"minecraft:oak_trapdoor":1,"minecraft:iron_axe":1,"minecraft:flint_and_steel":1,"minecraft:blackstone":55,"minecraft:beef":8,"minecraft:oak_boat":2,"minecraft:light_gray_wool":1,"minecraft:iron_nugget":62,"minecraft:poppy":7,"minecraft:lectern":8,"minecraft:sugar_cane":288,"minecraft:egg":5,"minecraft:raw_iron":597,"minecraft:stone":10,"minecraft:oak_door":1,"minecraft:copper_ingot":1,"minecraft:fire_charge":6,"minecraft:carrot":37,"minecraft:redstone":436,"minecraft:arrow":34,"minecraft:beetroot_seeds":4,"minecraft:peony":1,"minecraft:hay_block":9,"minecraft:glistering_melon_slice":14,"minecraft:gold_ingot":8,"minecraft:mutton":32,"minecraft:bone_block":120,"minecraft:white_wool":16,"minecraft:stripped_oak_log":4,"minecraft:leather":12,"minecraft:filled_map":2,"minecraft:birch_planks":49,"minecraft:oak_log":121,"minecraft:lily_pad":12,"minecraft:yellow_bed":5,"minecraft:gunpowder":4,"minecraft:paper":8,"minecraft:cooked_mutton":8,"minecraft:apple":15,"minecraft:kelp":118,"minecraft:acacia_trapdoor":8,"minecraft:iron_ingot":9,"minecraft:stone_pickaxe":3,"minecraft:cooked_chicken":1,"minecraft:iron_sword":1,"minecraft:acacia_sapling":3,"minecraft:soul_sand":43,"minecraft:book":1,"minecraft:oak_slab":4,"minecraft:smooth_basalt":19,"minecraft:birch_boat":18,"minecraft:quartz":44,"minecraft:dandelion":1,"minecraft:gravel":157,"minecraft:white_bed":14,"minecraft:crying_obsidian":10,"minecraft:spider_eye":16,"minecraft:iron_helmet":2,"minecraft:gray_wool":2,"minecraft:oak_button":1,"minecraft:acacia_slab":80,"minecraft:black_wool":1,"minecraft:coal":923,"minecraft:pink_dye":1,"minecraft:ender_pearl":1},"minecraft:custom":{"minecraft:interact_with_crafting_table":119,"minecraft:open_barrel":1,"minecraft:bell_ring":10,"minecraft:leave_game":34,"minecraft:time_since_death":134484,"minecraft:sprint_one_cm":1070814,"minecraft:damage_blocked_by_shield":315,"minecraft:drop":369,"minecraft:talked_to_villager":33,"minecraft:play_time":662641,"minecraft:deaths":5,"minecraft:jump":8510,"minecraft:walk_on_water_one_cm":120582,"minecraft:interact_with_furnace":216,"minecraft:sleep_in_bed":23,"minecraft:damage_dealt":20701,"minecraft:player_kills":1,"minecraft:crouch_one_cm":230108,"minecraft:inspect_dropper":3,"minecraft:mob_kills":138,"minecraft:climb_one_cm":2216,"minecraft:walk_one_cm":1020746,"minecraft:sneak_time":87471,"minecraft:walk_under_water_one_cm":28084,"minecraft:boat_one_cm":378331,"minecraft:interact_with_blast_furnace":1,"minecraft:total_world_time":662641,"minecraft:time_since_rest":136770,"minecraft:damage_taken":4549,"minecraft:swim_one_cm":72546,"minecraft:fly_one_cm":2660186,"minecraft:open_chest":193,"minecraft:fall_one_cm":170901},"minecraft:mined":{"minecraft:white_bed":3,"minecraft:granite":103,"minecraft:budding_amethyst":1,"minecraft:acacia_log":127,"minecraft:grass_block":36,"minecraft:soul_soil":5,"minecraft:tall_seagrass":1,"minecraft:iron_ore":451,"minecraft:cobbled_deepslate":109,"minecraft:fire":9,"minecraft:pumpkin":1,"minecraft:fletching_table":4,"minecraft:deepslate_lapis_ore":3,"minecraft:pointed_dripstone":1,"minecraft:small_amethyst_bud":1,"minecraft:deepslate_redstone_ore":44,"minecraft:blackstone":1,"minecraft:kelp_plant":1,"minecraft:melon_stem":1,"minecraft:medium_amethyst_bud":1,"minecraft:soul_fire":7,"minecraft:torch":34,"minecraft:calcite":20,"minecraft:melon":14,"minecraft:chest":2,"minecraft:nether_quartz_ore":1,"minecraft:cobblestone":65,"minecraft:sugar_cane":196,"minecraft:oak_planks":1,"minecraft:wall_torch":27,"minecraft:amethyst_block":8,"minecraft:deepslate_copper_ore":11,"minecraft:seagrass":1,"minecraft:birch_log":1,"minecraft:wheat":79,"minecraft:birch_trapdoor":9,"minecraft:grass":99,"minecraft:oak_log":30,"minecraft:beetroots":2,"minecraft:sand":34,"minecraft:dirt":96,"minecraft:smooth_basalt":22,"minecraft:netherrack":5,"minecraft:oak_leaves":6,"minecraft:deepslate":1241,"minecraft:diamond_ore":65,"minecraft:tuff":89,"minecraft:dark_oak_leaves":1,"minecraft:deepslate_diamond_ore":17,"minecraft:glow_lichen":1,"minecraft:cobbled_deepslate_slab":2,"minecraft:acacia_slab":81,"minecraft:kelp":2,"minecraft:sandstone":19,"minecraft:hay_block":9,"minecraft:redstone_ore":70,"minecraft:oak_trapdoor":1,"minecraft:furnace":8,"minecraft:carrots":11,"minecraft:acacia_trapdoor":8,"minecraft:andesite":170,"minecraft:peony":1,"minecraft:gold_block":1,"minecraft:bell":1,"minecraft:potatoes":11,"minecraft:deepslate_iron_ore":99,"minecraft:stripped_oak_log":4,"minecraft:stone":2605,"minecraft:bone_block":12,"minecraft:white_wool":2,"minecraft:oak_slab":3,"minecraft:acacia_leaves":14,"minecraft:soul_sand":37,"minecraft:crafting_table":10,"minecraft:lectern":8,"minecraft:tall_grass":12,"minecraft:copper_ore":19,"minecraft:deepslate_coal_ore":20,"minecraft:lapis_ore":13,"minecraft:deepslate_gold_ore":30,"minecraft:diorite":206,"minecraft:birch_leaves":3,"minecraft:bee_nest":1,"minecraft:yellow_bed":2,"minecraft:coal_ore":691,"minecraft:gravel":124,"minecraft:oak_button":1,"minecraft:gold_ore":31},"minecraft:used":{"minecraft:iron_shovel":71,"minecraft:axolotl_spawn_egg":7,"minecraft:chest":14,"minecraft:shield":10,"minecraft:iron_sword":102,"minecraft:stone":4,"minecraft:rotten_flesh":7,"minecraft:iron_chestplate":2,"minecraft:soul_sand":37,"minecraft:carrot":25,"minecraft:axolotl_bucket":22,"minecraft:glass":67,"minecraft:lava_bucket":17,"minecraft:villager_spawn_egg":10,"minecraft:grass_block":10,"minecraft:netherite_hoe":16,"minecraft:iron_helmet":2,"minecraft:birch_trapdoor":30,"minecraft:furnace":12,"minecraft:cooked_cod":8,"minecraft:egg":3,"minecraft:potato":392,"minecraft:diorite":65,"minecraft:acacia_trapdoor":67,"minecraft:oak_planks":18,"minecraft:stone_pickaxe":131,"minecraft:blackstone":11,"minecraft:wooden_pickaxe":49,"minecraft:white_wool":2,"minecraft:glow_berries":3,"minecraft:sand":32,"minecraft:melon_slice":6,"minecraft:bread":7,"minecraft:lectern":8,"minecraft:gravel":40,"minecraft:andesite":91,"minecraft:oak_boat":2,"minecraft:golden_pickaxe":14,"minecraft:oak_trapdoor":15,"minecraft:stone_sword":67,"minecraft:acacia_log":1,"minecraft:flint_and_steel":10,"minecraft:zombie_villager_spawn_egg":4,"minecraft:torch":511,"minecraft:brewing_stand":2,"minecraft:dirt":57,"minecraft:granite":60,"minecraft:wooden_axe":8,"minecraft:iron_axe":445,"minecraft:acacia_slab":159,"minecraft:soul_soil":4,"minecraft:cooked_beef":11,"minecraft:cobbled_deepslate":428,"minecraft:iron_leggings":1,"minecraft:wheat_seeds":23,"minecraft:cooked_mutton":12,"minecraft:water_bucket":98,"minecraft:birch_planks":38,"minecraft:birch_boat":18,"minecraft:fletching_table":6,"minecraft:cobblestone_slab":10,"minecraft:oak_slab":4,"minecraft:tnt":3,"minecraft:crafting_table":22,"minecraft:white_bed":8,"minecraft:cod":1,"minecraft:oak_button":2,"minecraft:iron_pickaxe":6189,"minecraft:map":1,"minecraft:spruce_trapdoor":10,"minecraft:stone_axe":95,"minecraft:cobblestone":588,"minecraft:cobbled_deepslate_slab":4,"minecraft:porkchop":5,"minecraft:cooked_porkchop":21,"minecraft:bucket":134,"minecraft:yellow_bed":1},"minecraft:killed":{"minecraft:witch":1,"minecraft:spider":16,"minecraft:skeleton":15,"minecraft:bee":2,"minecraft:chicken":6,"minecraft:pig":28,"minecraft:zombie_villager":2,"minecraft:iron_golem":1,"minecraft:creeper":2,"minecraft:sheep":22,"minecraft:zombie":28,"minecraft:cow":5,"minecraft:drowned":3,"minecraft:enderman":3}},"DataVersion":2730}