{"stats":{"minecraft:picked_up":{"minecraft:birch_log":1,"minecraft:stick":2,"minecraft:bone":1,"minecraft:oak_log":5,"minecraft:diorite":3,"minecraft:white_bed":8,"minecraft:yellow_bed":4,"minecraft:coal":62,"minecraft:dirt":9,"minecraft:cobblestone":38},"minecraft:used":{"minecraft:crafting_table":1,"minecraft:stone_pickaxe":64,"minecraft:wooden_pickaxe":41},"minecraft:mined":{"minecraft:grass":3,"minecraft:oak_log":5,"minecraft:grass_block":3,"minecraft:coal_ore":64,"minecraft:dirt":6,"minecraft:birch_log":1,"minecraft:stone":38,"minecraft:diorite":3},"minecraft:killed":{"minecraft:zombie":1},"minecraft:crafted":{"minecraft:oak_planks":20,"minecraft:torch":4,"minecraft:birch_planks":4,"minecraft:crafting_table":1,"minecraft:stick":4,"minecraft:stone_pickaxe":1,"minecraft:wooden_pickaxe":1},"minecraft:custom":{"minecraft:time_since_rest":14664,"minecraft:crouch_one_cm":6424,"minecraft:play_time":17864,"minecraft:sprint_one_cm":16582,"minecraft:damage_taken":154,"minecraft:walk_one_cm":11034,"minecraft:sneak_time":3479,"minecraft:mob_kills":1,"minecraft:jump":110,"minecraft:damage_dealt":182,"minecraft:time_since_death":17864,"minecraft:sleep_in_bed":1,"minecraft:total_world_time":17864,"minecraft:interact_with_crafting_table":2,"minecraft:fall_one_cm":2299,"minecraft:fly_one_cm":23981}},"DataVersion":2730}