{"stats":{"minecraft:picked_up":{"minecraft:birch_log":1,"minecraft:crafting_table":2,"minecraft:wheat":8,"minecraft:wooden_pickaxe":3,"minecraft:potato":1,"minecraft:birch_planks":1,"minecraft:oak_log":10,"minecraft:yellow_bed":4,"minecraft:dirt":29,"minecraft:cornflower":2,"minecraft:oak_trapdoor":1,"minecraft:string":3,"minecraft:bone":11,"minecraft:wheat_seeds":26,"minecraft:light_gray_wool":1,"minecraft:oak_planks":3,"minecraft:furnace":2,"minecraft:stick":2,"minecraft:raw_iron":63,"minecraft:torch":4,"minecraft:porkchop":13,"minecraft:pointed_dripstone":2,"minecraft:diorite":3,"minecraft:white_bed":8,"minecraft:arrow":7,"minecraft:rotten_flesh":2,"minecraft:beetroot_seeds":1,"minecraft:peony":1,"minecraft:gray_wool":1,"minecraft:black_wool":1,"minecraft:mutton":16,"minecraft:coal":200,"minecraft:pink_dye":1,"minecraft:white_wool":7,"minecraft:cobblestone":87},"minecraft:mined":{"minecraft:glow_lichen":1,"minecraft:crafting_table":2,"minecraft:torch":2,"minecraft:grass_block":8,"minecraft:tall_grass":2,"minecraft:diorite":3,"minecraft:oak_trapdoor":1,"minecraft:furnace":2,"minecraft:birch_log":1,"minecraft:iron_ore":63,"minecraft:wheat":10,"minecraft:peony":1,"minecraft:grass":12,"minecraft:pointed_dripstone":1,"minecraft:oak_log":10,"minecraft:potatoes":1,"minecraft:coal_ore":200,"minecraft:beetroots":1,"minecraft:dirt":10,"minecraft:stone":86},"minecraft:used":{"minecraft:oak_trapdoor":3,"minecraft:wheat_seeds":11,"minecraft:cooked_mutton":6,"minecraft:stone_sword":57,"minecraft:stone_pickaxe":120,"minecraft:shield":5,"minecraft:wooden_pickaxe":41,"minecraft:iron_chestplate":1,"minecraft:torch":32,"minecraft:dirt":21,"minecraft:crafting_table":3,"minecraft:white_bed":2,"minecraft:iron_pickaxe":198,"minecraft:bread":2,"minecraft:cobblestone":2,"minecraft:furnace":2},"minecraft:killed":{"minecraft:pig":6,"minecraft:skeleton":4,"minecraft:sheep":10,"minecraft:zombie":2},"minecraft:crafted":{"minecraft:oak_planks":40,"minecraft:cooked_porkchop":13,"minecraft:crafting_table":2,"minecraft:wooden_pickaxe":1,"minecraft:furnace":2,"minecraft:birch_planks":4,"minecraft:pink_dye":2,"minecraft:bread":2,"minecraft:cooked_mutton":16,"minecraft:air":0,"minecraft:oak_trapdoor":2,"minecraft:iron_chestplate":1,"minecraft:pink_wool":1,"minecraft:shield":1,"minecraft:stick":44,"minecraft:iron_ingot":21,"minecraft:iron_pickaxe":1,"minecraft:stone_pickaxe":1,"minecraft:stone_sword":1,"minecraft:torch":20},"minecraft:dropped":{"minecraft:birch_planks":2,"minecraft:pink_dye":2,"minecraft:pointed_dripstone":2,"minecraft:wheat":2,"minecraft:light_gray_wool":1,"minecraft:oak_planks":1,"minecraft:cooked_mutton":7,"minecraft:dirt":8,"minecraft:potato":1,"minecraft:torch":3,"minecraft:cornflower":2,"minecraft:beetroot_seeds":1,"minecraft:wooden_pickaxe":4,"minecraft:stone_pickaxe":1,"minecraft:string":3,"minecraft:black_wool":1},"minecraft:custom":{"minecraft:interact_with_furnace":41,"minecraft:mob_kills":22,"minecraft:interact_with_crafting_table":15,"minecraft:time_since_death":47864,"minecraft:sleep_in_bed":3,"minecraft:time_since_rest":26628,"minecraft:sprint_one_cm":103388,"minecraft:damage_taken":361,"minecraft:walk_one_cm":88592,"minecraft:damage_blocked_by_shield":190,"minecraft:drop":32,"minecraft:damage_dealt":2402,"minecraft:talked_to_villager":2,"minecraft:fly_one_cm":103557,"minecraft:open_chest":2,"minecraft:crouch_one_cm":18877,"minecraft:play_time":47864,"minecraft:sneak_time":8270,"minecraft:walk_under_water_one_cm":1278,"minecraft:jump":663,"minecraft:walk_on_water_one_cm":2110,"minecraft:total_world_time":47864,"minecraft:fall_one_cm":10484}},"DataVersion":2730}