{"stats":{"minecraft:picked_up":{"minecraft:wooden_axe":3,"minecraft:crafting_table":3,"minecraft:iron_chestplate":1,"minecraft:wheat":11,"minecraft:wooden_pickaxe":4,"minecraft:pink_wool":3,"minecraft:cornflower":10,"minecraft:oak_trapdoor":1,"minecraft:string":7,"minecraft:raw_copper":34,"minecraft:gold_nugget":6,"minecraft:poppy":2,"minecraft:iron_pickaxe":2,"minecraft:light_gray_wool":1,"minecraft:furnace":2,"minecraft:iron_boots":1,"minecraft:egg":3,"minecraft:stick":5,"minecraft:raw_iron":145,"minecraft:oak_door":1,"minecraft:torch":12,"minecraft:porkchop":18,"minecraft:pointed_dripstone":2,"minecraft:diorite":6,"minecraft:carrot":16,"minecraft:arrow":12,"minecraft:rotten_flesh":9,"minecraft:beetroot_seeds":1,"minecraft:peony":1,"minecraft:mutton":16,"minecraft:white_wool":7,"minecraft:cobblestone":131,"minecraft:stripped_oak_log":4,"minecraft:birch_log":407,"minecraft:feather":2,"minecraft:andesite":2,"minecraft:potato":21,"minecraft:birch_planks":1,"minecraft:oak_log":101,"minecraft:yellow_bed":4,"minecraft:dirt":52,"minecraft:cooked_mutton":4,"minecraft:bone":16,"minecraft:apple":15,"minecraft:bow":1,"minecraft:wheat_seeds":59,"minecraft:raw_gold":7,"minecraft:stone_pickaxe":2,"minecraft:iron_ingot":3,"minecraft:oak_planks":80,"minecraft:gravel":1,"minecraft:white_bed":9,"minecraft:gray_wool":1,"minecraft:oak_sapling":9,"minecraft:black_wool":1,"minecraft:coal":484,"minecraft:pink_dye":1},"minecraft:mined":{"minecraft:white_bed":1,"minecraft:glow_lichen":1,"minecraft:grass_block":8,"minecraft:oak_trapdoor":1,"minecraft:furnace":2,"minecraft:carrots":3,"minecraft:iron_ore":108,"minecraft:andesite":1,"minecraft:peony":1,"minecraft:pointed_dripstone":1,"minecraft:potatoes":2,"minecraft:stripped_oak_log":4,"minecraft:stone":133,"minecraft:crafting_table":2,"minecraft:torch":3,"minecraft:tall_grass":3,"minecraft:copper_ore":13,"minecraft:cobblestone":1,"minecraft:diorite":5,"minecraft:wall_torch":4,"minecraft:birch_log":1,"minecraft:wheat":15,"minecraft:grass":15,"minecraft:oak_log":10,"minecraft:coal_ore":466,"minecraft:beetroots":1,"minecraft:gravel":2,"minecraft:dirt":23,"minecraft:gold_ore":7},"minecraft:used":{"minecraft:oak_trapdoor":3,"minecraft:stone_sword":67,"minecraft:chest":2,"minecraft:shield":5,"minecraft:iron_sword":12,"minecraft:rotten_flesh":2,"minecraft:iron_chestplate":1,"minecraft:torch":63,"minecraft:dirt":23,"minecraft:carrot":6,"minecraft:wooden_axe":7,"minecraft:furnace":4,"minecraft:egg":3,"minecraft:wheat_seeds":11,"minecraft:cooked_mutton":9,"minecraft:diorite":4,"minecraft:stone_pickaxe":131,"minecraft:oak_planks":2,"minecraft:wooden_pickaxe":41,"minecraft:glow_berries":3,"minecraft:crafting_table":6,"minecraft:white_bed":3,"minecraft:bread":3,"minecraft:iron_pickaxe":587,"minecraft:stone_axe":1,"minecraft:cobblestone":9,"minecraft:bucket":2},"minecraft:killed":{"minecraft:spider":2,"minecraft:skeleton":4,"minecraft:pig":8,"minecraft:iron_golem":1,"minecraft:sheep":10,"minecraft:zombie":3},"minecraft:broken":{"minecraft:stone_pickaxe":2,"minecraft:iron_pickaxe":1},"minecraft:killed_by":{"minecraft:enderman":1,"minecraft:iron_golem":2},"minecraft:crafted":{"minecraft:oak_planks":60,"minecraft:furnace":2,"minecraft:pink_dye":2,"minecraft:cooked_mutton":16,"minecraft:oak_trapdoor":2,"minecraft:iron_boots":1,"minecraft:iron_axe":1,"minecraft:stone_pickaxe":1,"minecraft:chest":2,"minecraft:cooked_porkchop":13,"minecraft:crafting_table":4,"minecraft:wooden_pickaxe":1,"minecraft:iron_helmet":1,"minecraft:iron_sword":1,"minecraft:birch_planks":92,"minecraft:bucket":2,"minecraft:stone_axe":2,"minecraft:bread":3,"minecraft:air":0,"minecraft:iron_chestplate":1,"minecraft:pink_wool":1,"minecraft:shield":1,"minecraft:stick":100,"minecraft:iron_ingot":61,"minecraft:iron_pickaxe":3,"minecraft:wooden_axe":1,"minecraft:stone_sword":2,"minecraft:iron_leggings":1,"minecraft:torch":84},"minecraft:custom":{"minecraft:mob_kills":29,"minecraft:interact_with_crafting_table":28,"minecraft:leave_game":3,"minecraft:time_since_death":16907,"minecraft:sprint_one_cm":271434,"minecraft:walk_one_cm":137586,"minecraft:damage_blocked_by_shield":190,"minecraft:drop":50,"minecraft:talked_to_villager":2,"minecraft:play_time":93642,"minecraft:deaths":3,"minecraft:sneak_time":14278,"minecraft:walk_under_water_one_cm":6844,"minecraft:jump":2108,"minecraft:walk_on_water_one_cm":18578,"minecraft:total_world_time":93642,"minecraft:interact_with_furnace":73,"minecraft:sleep_in_bed":4,"minecraft:time_since_rest":16937,"minecraft:damage_taken":1319,"minecraft:damage_dealt":3781,"minecraft:swim_one_cm":25100,"minecraft:fly_one_cm":448324,"minecraft:player_kills":1,"minecraft:open_chest":4,"minecraft:crouch_one_cm":31174,"minecraft:fall_one_cm":39126},"minecraft:dropped":{"minecraft:birch_planks":2,"minecraft:crafting_table":1,"minecraft:feather":1,"minecraft:cobblestone":58,"minecraft:dirt":8,"minecraft:diorite":1,"minecraft:torch":3,"minecraft:cornflower":2,"minecraft:string":3,"minecraft:white_wool":6,"minecraft:pink_dye":2,"minecraft:wheat":2,"minecraft:pointed_dripstone":2,"minecraft:light_gray_wool":1,"minecraft:oak_planks":1,"minecraft:cooked_mutton":7,"minecraft:white_bed":6,"minecraft:potato":3,"minecraft:beetroot_seeds":1,"minecraft:yellow_bed":4,"minecraft:pink_wool":1,"minecraft:wooden_pickaxe":4,"minecraft:stone_pickaxe":1,"minecraft:black_wool":1}},"DataVersion":2730}