{"stats":{"minecraft:used":{"minecraft:iron_shovel":71,"minecraft:chest":5,"minecraft:shield":5,"minecraft:iron_sword":12,"minecraft:rotten_flesh":5,"minecraft:iron_chestplate":1,"minecraft:soul_sand":37,"minecraft:carrot":25,"minecraft:axolotl_bucket":12,"minecraft:glass":67,"minecraft:lava_bucket":12,"minecraft:villager_spawn_egg":10,"minecraft:grass_block":10,"minecraft:netherite_hoe":16,"minecraft:birch_trapdoor":4,"minecraft:furnace":8,"minecraft:cooked_cod":6,"minecraft:egg":3,"minecraft:potato":391,"minecraft:diorite":4,"minecraft:acacia_trapdoor":53,"minecraft:stone_pickaxe":131,"minecraft:oak_planks":18,"minecraft:wooden_pickaxe":48,"minecraft:white_wool":2,"minecraft:glow_berries":3,"minecraft:sand":30,"minecraft:bread":3,"minecraft:gravel":2,"minecraft:andesite":4,"minecraft:oak_boat":2,"minecraft:golden_pickaxe":14,"minecraft:oak_trapdoor":15,"minecraft:stone_sword":67,"minecraft:acacia_log":1,"minecraft:flint_and_steel":5,"minecraft:zombie_villager_spawn_egg":4,"minecraft:torch":318,"minecraft:dirt":26,"minecraft:granite":4,"minecraft:wooden_axe":8,"minecraft:iron_axe":173,"minecraft:acacia_slab":159,"minecraft:soul_soil":4,"minecraft:cooked_beef":1,"minecraft:cobbled_deepslate":9,"minecraft:wheat_seeds":23,"minecraft:cooked_mutton":12,"minecraft:water_bucket":19,"minecraft:birch_planks":38,"minecraft:birch_boat":18,"minecraft:tnt":3,"minecraft:oak_slab":4,"minecraft:crafting_table":12,"minecraft:white_bed":6,"minecraft:oak_button":2,"minecraft:iron_pickaxe":1101,"minecraft:spruce_trapdoor":10,"minecraft:stone_axe":95,"minecraft:cobblestone":71,"minecraft:cooked_porkchop":6,"minecraft:porkchop":5,"minecraft:bucket":47,"minecraft:yellow_bed":1},"minecraft:custom":{"minecraft:interact_with_crafting_table":77,"minecraft:open_barrel":1,"minecraft:bell_ring":10,"minecraft:leave_game":8,"minecraft:time_since_death":251498,"minecraft:sprint_one_cm":690181,"minecraft:damage_blocked_by_shield":190,"minecraft:drop":190,"minecraft:talked_to_villager":7,"minecraft:play_time":328233,"minecraft:deaths":3,"minecraft:jump":5022,"minecraft:walk_on_water_one_cm":78144,"minecraft:interact_with_furnace":139,"minecraft:sleep_in_bed":13,"minecraft:damage_dealt":7801,"minecraft:player_kills":1,"minecraft:crouch_one_cm":94136,"minecraft:mob_kills":71,"minecraft:climb_one_cm":2216,"minecraft:walk_one_cm":452839,"minecraft:sneak_time":32248,"minecraft:walk_under_water_one_cm":16584,"minecraft:boat_one_cm":378331,"minecraft:interact_with_blast_furnace":1,"minecraft:total_world_time":328233,"minecraft:time_since_rest":4189,"minecraft:damage_taken":2094,"minecraft:swim_one_cm":66203,"minecraft:fly_one_cm":1328690,"minecraft:open_chest":71,"minecraft:fall_one_cm":103684},"minecraft:mined":{"minecraft:white_bed":2,"minecraft:granite":7,"minecraft:acacia_log":45,"minecraft:grass_block":28,"minecraft:soul_soil":5,"minecraft:tall_seagrass":1,"minecraft:iron_ore":115,"minecraft:fire":7,"minecraft:pumpkin":1,"minecraft:pointed_dripstone":1,"minecraft:kelp_plant":1,"minecraft:melon_stem":1,"minecraft:soul_fire":7,"minecraft:torch":13,"minecraft:melon":7,"minecraft:chest":2,"minecraft:cobblestone":10,"minecraft:sugar_cane":3,"minecraft:oak_planks":1,"minecraft:wall_torch":9,"minecraft:seagrass":1,"minecraft:birch_log":1,"minecraft:wheat":79,"minecraft:grass":76,"minecraft:oak_log":25,"minecraft:beetroots":2,"minecraft:sand":34,"minecraft:dirt":53,"minecraft:oak_leaves":4,"minecraft:deepslate":21,"minecraft:diamond_ore":7,"minecraft:tuff":5,"minecraft:dark_oak_leaves":1,"minecraft:glow_lichen":1,"minecraft:acacia_slab":81,"minecraft:kelp":2,"minecraft:sandstone":19,"minecraft:hay_block":9,"minecraft:redstone_ore":4,"minecraft:oak_trapdoor":1,"minecraft:furnace":6,"minecraft:carrots":11,"minecraft:acacia_trapdoor":6,"minecraft:andesite":40,"minecraft:peony":1,"minecraft:gold_block":1,"minecraft:bell":1,"minecraft:potatoes":11,"minecraft:stripped_oak_log":4,"minecraft:stone":487,"minecraft:bone_block":12,"minecraft:white_wool":2,"minecraft:oak_slab":3,"minecraft:acacia_leaves":3,"minecraft:soul_sand":37,"minecraft:crafting_table":5,"minecraft:tall_grass":9,"minecraft:copper_ore":16,"minecraft:diorite":31,"minecraft:birch_leaves":3,"minecraft:bee_nest":1,"minecraft:yellow_bed":2,"minecraft:coal_ore":468,"minecraft:gravel":23,"minecraft:oak_button":1,"minecraft:gold_ore":7},"minecraft:broken":{"minecraft:stone_pickaxe":2,"minecraft:iron_pickaxe":2},"minecraft:picked_up":{"minecraft:wooden_axe":5,"minecraft:iron_chestplate":1,"minecraft:wheat":11,"minecraft:birch_button":2,"minecraft:string":7,"minecraft:raw_copper":42,"minecraft:soul_soil":4,"minecraft:iron_leggings":2,"minecraft:gold_nugget":6,"minecraft:cobbled_deepslate":31,"minecraft:bucket":2,"minecraft:iron_pickaxe":6,"minecraft:melon_slice":27,"minecraft:iron_boots":1,"minecraft:furnace":5,"minecraft:stick":67,"minecraft:composter":1,"minecraft:torch":108,"minecraft:acacia_log":45,"minecraft:porkchop":47,"minecraft:pointed_dripstone":2,"minecraft:diorite":27,"minecraft:stone_sword":1,"minecraft:rotten_flesh":12,"minecraft:cobblestone":530,"minecraft:birch_log":471,"minecraft:feather":18,"minecraft:water_bucket":1,"minecraft:andesite":30,"minecraft:potato":50,"minecraft:flint":1,"minecraft:tuff":5,"minecraft:map":1,"minecraft:lapis_lazuli":9,"minecraft:dirt":95,"minecraft:bone":34,"minecraft:bow":2,"minecraft:wheat_seeds":182,"minecraft:raw_gold":21,"minecraft:oak_planks":145,"minecraft:cooked_porkchop":1,"minecraft:sand":72,"minecraft:diamond":9,"minecraft:granite":4,"minecraft:oak_sapling":9,"minecraft:diamond_pickaxe":1,"minecraft:crafting_table":7,"minecraft:chicken":3,"minecraft:leather_leggings":7,"minecraft:wooden_pickaxe":8,"minecraft:pink_wool":3,"minecraft:gold_block":1,"minecraft:cornflower":10,"minecraft:oak_trapdoor":1,"minecraft:iron_axe":1,"minecraft:beef":8,"minecraft:oak_boat":2,"minecraft:poppy":2,"minecraft:light_gray_wool":1,"minecraft:sugar_cane":4,"minecraft:egg":5,"minecraft:raw_iron":166,"minecraft:stone":10,"minecraft:oak_door":1,"minecraft:copper_ingot":1,"minecraft:carrot":33,"minecraft:redstone":17,"minecraft:arrow":16,"minecraft:beetroot_seeds":4,"minecraft:peony":1,"minecraft:hay_block":9,"minecraft:glistering_melon_slice":14,"minecraft:mutton":32,"minecraft:bone_block":120,"minecraft:white_wool":16,"minecraft:stripped_oak_log":4,"minecraft:filled_map":2,"minecraft:birch_planks":49,"minecraft:oak_log":116,"minecraft:lily_pad":12,"minecraft:yellow_bed":5,"minecraft:paper":8,"minecraft:cooked_mutton":6,"minecraft:apple":15,"minecraft:kelp":118,"minecraft:acacia_trapdoor":5,"minecraft:iron_ingot":5,"minecraft:stone_pickaxe":2,"minecraft:soul_sand":37,"minecraft:oak_slab":4,"minecraft:birch_boat":18,"minecraft:dandelion":1,"minecraft:gravel":2,"minecraft:white_bed":13,"minecraft:iron_helmet":1,"minecraft:gray_wool":2,"minecraft:oak_button":1,"minecraft:acacia_slab":79,"minecraft:black_wool":1,"minecraft:coal":699,"minecraft:pink_dye":1},"minecraft:killed_by":{"minecraft:enderman":1,"minecraft:iron_golem":2},"minecraft:killed":{"minecraft:spider":2,"minecraft:skeleton":5,"minecraft:bee":2,"minecraft:chicken":4,"minecraft:pig":21,"minecraft:zombie_villager":1,"minecraft:iron_golem":1,"minecraft:sheep":22,"minecraft:zombie":4,"minecraft:cow":5,"minecraft:drowned":1},"minecraft:dropped":{"minecraft:birch_planks":76,"minecraft:porkchop":2,"minecraft:lapis_lazuli":18,"minecraft:golden_pickaxe":1,"minecraft:crafting_table":3,"minecraft:dirt":24,"minecraft:cornflower":2,"minecraft:sand":43,"minecraft:glistering_melon_slice":14,"minecraft:iron_pickaxe":5,"minecraft:birch_log":64,"minecraft:white_wool":7,"minecraft:bone":11,"minecraft:oak_door":1,"minecraft:stone_axe":2,"minecraft:iron_nugget":15,"minecraft:cobbled_deepslate":22,"minecraft:pink_dye":2,"minecraft:wheat":2,"minecraft:obsidian":1,"minecraft:pointed_dripstone":2,"minecraft:oak_planks":59,"minecraft:cooked_mutton":7,"minecraft:white_bed":22,"minecraft:poppy":2,"minecraft:beetroot_seeds":4,"minecraft:leather_leggings":7,"minecraft:birch_button":2,"minecraft:arrow":2,"minecraft:egg":2,"minecraft:iron_ingot":20,"minecraft:wheat_seeds":73,"minecraft:feather":17,"minecraft:cobblestone":224,"minecraft:copper_ingot":1,"minecraft:acacia_trapdoor":6,"minecraft:coal":445,"minecraft:stick":33,"minecraft:gray_wool":1,"minecraft:diorite":17,"minecraft:torch":3,"minecraft:wooden_axe":2,"minecraft:iron_leggings":2,"minecraft:orange_bed":1,"minecraft:iron_shovel":2,"minecraft:string":3,"minecraft:lily_pad":12,"minecraft:kelp":53,"minecraft:stone_sword":2,"minecraft:raw_iron":7,"minecraft:composter":9,"minecraft:light_gray_wool":1,"minecraft:iron_boots":1,"minecraft:iron_hoe":1,"minecraft:flint_and_steel":1,"minecraft:filled_map":3,"minecraft:potato":3,"minecraft:stone":2,"minecraft:iron_chestplate":1,"minecraft:andesite":22,"minecraft:yellow_bed":4,"minecraft:pink_wool":1,"minecraft:bow":1,"minecraft:stone_pickaxe":1,"minecraft:wooden_pickaxe":8,"minecraft:raw_gold":7,"minecraft:black_wool":1},"minecraft:crafted":{"minecraft:oak_planks":100,"minecraft:birch_boat":1,"minecraft:cooked_mutton":33,"minecraft:glass":136,"minecraft:iron_boots":1,"minecraft:chest":9,"minecraft:oak_button":1,"minecraft:golden_boots":2,"minecraft:oak_slab":6,"minecraft:cooked_porkchop":19,"minecraft:crafting_table":8,"minecraft:spruce_planks":32,"minecraft:acacia_slab":138,"minecraft:wooden_pickaxe":1,"minecraft:iron_helmet":2,"minecraft:birch_planks":168,"minecraft:spruce_trapdoor":10,"minecraft:iron_chestplate":3,"minecraft:pink_wool":1,"minecraft:shield":1,"minecraft:stick":104,"minecraft:iron_ingot":123,"minecraft:iron_pickaxe":5,"minecraft:stone_sword":2,"minecraft:gold_ingot":16,"minecraft:composter":8,"minecraft:furnace":3,"minecraft:pink_dye":2,"minecraft:oak_trapdoor":14,"minecraft:flint_and_steel":1,"minecraft:iron_axe":2,"minecraft:iron_hoe":1,"minecraft:stone_pickaxe":1,"minecraft:cooked_beef":6,"minecraft:iron_sword":2,"minecraft:acacia_trapdoor":54,"minecraft:bucket":5,"minecraft:stone_axe":2,"minecraft:bread":3,"minecraft:air":0,"minecraft:wooden_axe":1,"minecraft:birch_trapdoor":4,"minecraft:iron_shovel":2,"minecraft:iron_leggings":3,"minecraft:acacia_planks":272,"minecraft:torch":84}},"DataVersion":2730}