{"stats":{"minecraft:broken":{"minecraft:stone_shovel":1},"minecraft:mined":{"minecraft:iron_ore":4,"minecraft:andesite":2,"minecraft:crafting_table":3,"minecraft:grass":59,"minecraft:acacia_log":1,"minecraft:grass_block":155,"minecraft:oak_log":12,"minecraft:dirt":38,"minecraft:tall_grass":6,"minecraft:cobblestone":1,"minecraft:stone":22,"minecraft:oak_leaves":4},"minecraft:crafted":{"minecraft:oak_planks":20,"minecraft:stone_shovel":2,"minecraft:crafting_table":1,"minecraft:stick":20,"minecraft:wooden_pickaxe":1,"minecraft:iron_ingot":4,"minecraft:stone_pickaxe":1,"minecraft:stone_sword":1,"minecraft:stone_axe":1},"minecraft:dropped":{"minecraft:wheat_seeds":3,"minecraft:wooden_axe":1,"minecraft:andesite":2,"minecraft:wooden_pickaxe":1,"minecraft:bucket":1},"minecraft:picked_up":{"minecraft:crafting_table":3,"minecraft:stick":2,"minecraft:raw_iron":4,"minecraft:andesite":2,"minecraft:acacia_log":65,"minecraft:oak_log":12,"minecraft:dirt":149,"minecraft:bone":2,"minecraft:arrow":1,"minecraft:wheat_seeds":15,"minecraft:bucket":3,"minecraft:sugar_cane":1,"minecraft:netherite_hoe":1,"minecraft:cobblestone":22},"minecraft:custom":{"minecraft:time_since_rest":9182,"minecraft:interact_with_furnace":5,"minecraft:sprint_one_cm":116652,"minecraft:damage_taken":60,"minecraft:walk_one_cm":103021,"minecraft:drop":7,"minecraft:damage_dealt":15,"minecraft:interact_with_crafting_table":14,"minecraft:fly_one_cm":232378,"minecraft:open_chest":4,"minecraft:crouch_one_cm":447,"minecraft:play_time":41809,"minecraft:sneak_time":73,"minecraft:walk_under_water_one_cm":415,"minecraft:jump":883,"minecraft:leave_game":2,"minecraft:time_since_death":41809,"minecraft:walk_on_water_one_cm":15864,"minecraft:sleep_in_bed":4,"minecraft:total_world_time":41809,"minecraft:fall_one_cm":14058},"minecraft:used":{"minecraft:cooked_mutton":5,"minecraft:wooden_axe":5,"minecraft:water_bucket":61,"minecraft:acacia_log":1,"minecraft:stone_pickaxe":29,"minecraft:stone_shovel":236,"minecraft:wooden_pickaxe":12,"minecraft:dirt":49,"minecraft:cobblestone":2,"minecraft:crafting_table":4,"minecraft:bucket":62}},"DataVersion":2730}