{"stats":{"minecraft:dropped":{"minecraft:water_bucket":1,"minecraft:wheat_seeds":5,"minecraft:feather":2,"minecraft:cobblestone":100,"minecraft:granite":11,"minecraft:acacia_trapdoor":1,"minecraft:flint":2,"minecraft:diorite":1,"minecraft:wooden_axe":1,"minecraft:brown_wool":2,"minecraft:wooden_sword":1,"minecraft:gold_nugget":1,"minecraft:acacia_door":2,"minecraft:bucket":2,"minecraft:gravel":95,"minecraft:sugar_cane":1,"minecraft:stone_sword":2,"minecraft:nether_brick":1,"minecraft:rotten_flesh":11,"minecraft:iron_hoe":1,"minecraft:andesite":4,"minecraft:acacia_slab":1,"minecraft:oak_sapling":1,"minecraft:spider_eye":1,"minecraft:barrel":1,"minecraft:wooden_pickaxe":1,"minecraft:egg":1},"minecraft:broken":{"minecraft:stone_pickaxe":1,"minecraft:stone_shovel":1},"minecraft:crafted":{"minecraft:oak_planks":48,"minecraft:stone_shovel":2,"minecraft:cooked_chicken":6,"minecraft:cooked_mutton":8,"minecraft:glass":185,"minecraft:iron_boots":1,"minecraft:stone_pickaxe":1,"minecraft:observer":2,"minecraft:cooked_beef":12,"minecraft:cooked_porkchop":16,"minecraft:crafting_table":1,"minecraft:wooden_pickaxe":1,"minecraft:iron_helmet":1,"minecraft:iron_sword":1,"minecraft:stone_axe":1,"minecraft:iron_chestplate":1,"minecraft:shield":1,"minecraft:stick":52,"minecraft:iron_ingot":81,"minecraft:iron_pickaxe":1,"minecraft:stone_sword":1,"minecraft:gold_ingot":10,"minecraft:iron_leggings":1,"minecraft:torch":32},"minecraft:picked_up":{"minecraft:crafting_table":10,"minecraft:iron_chestplate":1,"minecraft:chicken":6,"minecraft:nether_brick":1,"minecraft:shield":1,"minecraft:string":3,"minecraft:acacia_door":2,"minecraft:iron_leggings":1,"minecraft:gold_nugget":1,"minecraft:bucket":4,"minecraft:beef":12,"minecraft:iron_pickaxe":1,"minecraft:sugar_cane":789,"minecraft:chest":2,"minecraft:egg":2,"minecraft:furnace":2,"minecraft:iron_boots":1,"minecraft:stick":35,"minecraft:raw_iron":64,"minecraft:torch":32,"minecraft:acacia_log":225,"minecraft:porkchop":39,"minecraft:diorite":8,"minecraft:redstone":59,"minecraft:orange_bed":1,"minecraft:rotten_flesh":16,"minecraft:stone_sword":2,"minecraft:arrow":12,"minecraft:stone_shovel":1,"minecraft:gold_ingot":10,"minecraft:mutton":8,"minecraft:white_wool":5,"minecraft:cobblestone":250,"minecraft:feather":7,"minecraft:cooked_beef":6,"minecraft:water_bucket":1,"minecraft:andesite":5,"minecraft:brown_wool":2,"minecraft:leather":5,"minecraft:flint":2,"minecraft:oak_log":12,"minecraft:dirt":282,"minecraft:lapis_lazuli":9,"minecraft:bone":11,"minecraft:wheat_seeds":19,"minecraft:raw_gold":4,"minecraft:iron_ingot":6,"minecraft:cooked_chicken":5,"minecraft:oak_planks":9,"minecraft:gravel":120,"minecraft:barrel":1,"minecraft:spider_eye":2,"minecraft:stone_axe":1,"minecraft:iron_helmet":1,"minecraft:granite":11,"minecraft:black_wool":1,"minecraft:netherite_hoe":1,"minecraft:coal":199},"minecraft:mined":{"minecraft:granite":11,"minecraft:acacia_log":101,"minecraft:grass_block":167,"minecraft:redstone_ore":11,"minecraft:furnace":2,"minecraft:iron_ore":60,"minecraft:barrel":1,"minecraft:andesite":6,"minecraft:deepslate_iron_ore":6,"minecraft:cobblestone_slab":1,"minecraft:stone":166,"minecraft:deepslate_redstone_ore":4,"minecraft:glass_pane":1,"minecraft:crafting_table":9,"minecraft:torch":13,"minecraft:poppy":1,"minecraft:tall_grass":10,"minecraft:cobblestone":1,"minecraft:sugar_cane":323,"minecraft:diorite":9,"minecraft:wall_torch":12,"minecraft:grass":97,"minecraft:oak_log":12,"minecraft:coal_ore":23,"minecraft:gravel":49,"minecraft:dirt":55,"minecraft:gold_ore":4,"minecraft:oak_leaves":4},"minecraft:custom":{"minecraft:mob_kills":57,"minecraft:inspect_hopper":2,"minecraft:interact_with_crafting_table":31,"minecraft:open_barrel":2,"minecraft:leave_game":11,"minecraft:time_since_death":187753,"minecraft:climb_one_cm":155,"minecraft:sprint_one_cm":380440,"minecraft:walk_one_cm":415878,"minecraft:damage_blocked_by_shield":220,"minecraft:drop":101,"minecraft:talked_to_villager":4,"minecraft:play_time":187753,"minecraft:sneak_time":151,"minecraft:walk_under_water_one_cm":29040,"minecraft:jump":4061,"minecraft:interact_with_brewingstand":2,"minecraft:walk_on_water_one_cm":54242,"minecraft:total_world_time":187753,"minecraft:interact_with_furnace":87,"minecraft:sleep_in_bed":23,"minecraft:time_since_rest":10422,"minecraft:damage_taken":1261,"minecraft:damage_dealt":6483,"minecraft:swim_one_cm":69886,"minecraft:fly_one_cm":948992,"minecraft:open_chest":56,"minecraft:crouch_one_cm":538,"minecraft:fall_one_cm":73202},"minecraft:used":{"minecraft:stone_sword":163,"minecraft:acacia_log":1,"minecraft:stone_shovel":267,"minecraft:shield":9,"minecraft:iron_sword":8,"minecraft:rotten_flesh":2,"minecraft:iron_chestplate":2,"minecraft:orange_bed":1,"minecraft:torch":57,"minecraft:dirt":118,"minecraft:wooden_axe":5,"minecraft:iron_axe":103,"minecraft:iron_helmet":1,"minecraft:iron_boots":2,"minecraft:furnace":2,"minecraft:cooked_beef":7,"minecraft:iron_leggings":2,"minecraft:cooked_mutton":23,"minecraft:water_bucket":186,"minecraft:diorite":7,"minecraft:stone_pickaxe":131,"minecraft:wooden_pickaxe":12,"minecraft:sugar_cane":355,"minecraft:crafting_table":9,"minecraft:white_bed":1,"minecraft:iron_pickaxe":179,"minecraft:gravel":25,"minecraft:stone_axe":18,"minecraft:cobblestone":12,"minecraft:bucket":186,"minecraft:andesite":1},"minecraft:killed":{"minecraft:spider":4,"minecraft:skeleton":3,"minecraft:chicken":6,"minecraft:pig":20,"minecraft:bat":1,"minecraft:sheep":7,"minecraft:zombie":9,"minecraft:cow":6}},"DataVersion":2730}