{"stats":{"minecraft:crafted":{"minecraft:cooked_beef":9,"minecraft:oak_planks":48,"minecraft:stone_shovel":2,"minecraft:cooked_porkchop":16,"minecraft:crafting_table":1,"minecraft:iron_helmet":1,"minecraft:cooked_chicken":5,"minecraft:wooden_pickaxe":1,"minecraft:stone_axe":1,"minecraft:cooked_mutton":2,"minecraft:glass":185,"minecraft:iron_boots":1,"minecraft:iron_chestplate":1,"minecraft:shield":1,"minecraft:stick":52,"minecraft:iron_ingot":44,"minecraft:iron_pickaxe":1,"minecraft:stone_pickaxe":1,"minecraft:stone_sword":1,"minecraft:iron_leggings":1,"minecraft:gold_ingot":10,"minecraft:torch":32},"minecraft:broken":{"minecraft:stone_pickaxe":1,"minecraft:stone_shovel":1},"minecraft:picked_up":{"minecraft:iron_chestplate":1,"minecraft:crafting_table":10,"minecraft:feather":5,"minecraft:cooked_beef":6,"minecraft:chicken":5,"minecraft:water_bucket":1,"minecraft:andesite":5,"minecraft:leather":4,"minecraft:flint":2,"minecraft:oak_log":12,"minecraft:shield":1,"minecraft:lapis_lazuli":9,"minecraft:dirt":262,"minecraft:string":3,"minecraft:iron_leggings":1,"minecraft:bone":11,"minecraft:wheat_seeds":17,"minecraft:gold_nugget":1,"minecraft:raw_gold":4,"minecraft:bucket":4,"minecraft:iron_ingot":6,"minecraft:beef":9,"minecraft:cooked_chicken":5,"minecraft:iron_pickaxe":1,"minecraft:sugar_cane":23,"minecraft:chest":2,"minecraft:oak_planks":9,"minecraft:iron_boots":1,"minecraft:furnace":2,"minecraft:egg":2,"minecraft:raw_iron":64,"minecraft:stick":35,"minecraft:torch":27,"minecraft:acacia_log":129,"minecraft:gravel":120,"minecraft:porkchop":17,"minecraft:diorite":8,"minecraft:redstone":59,"minecraft:barrel":1,"minecraft:spider_eye":1,"minecraft:stone_sword":1,"minecraft:stone_shovel":1,"minecraft:arrow":12,"minecraft:rotten_flesh":16,"minecraft:stone_axe":1,"minecraft:iron_helmet":1,"minecraft:granite":11,"minecraft:gold_ingot":10,"minecraft:netherite_hoe":1,"minecraft:mutton":2,"minecraft:coal":199,"minecraft:white_wool":2,"minecraft:cobblestone":250},"minecraft:used":{"minecraft:cooked_mutton":18,"minecraft:water_bucket":186,"minecraft:diorite":7,"minecraft:acacia_log":1,"minecraft:stone_sword":116,"minecraft:stone_pickaxe":131,"minecraft:stone_shovel":265,"minecraft:wooden_pickaxe":12,"minecraft:shield":9,"minecraft:sugar_cane":45,"minecraft:rotten_flesh":2,"minecraft:iron_chestplate":2,"minecraft:torch":57,"minecraft:dirt":86,"minecraft:crafting_table":9,"minecraft:white_bed":1,"minecraft:wooden_axe":5,"minecraft:iron_pickaxe":178,"minecraft:iron_helmet":1,"minecraft:iron_boots":2,"minecraft:gravel":25,"minecraft:stone_axe":18,"minecraft:cobblestone":12,"minecraft:furnace":2,"minecraft:andesite":1,"minecraft:bucket":186,"minecraft:cooked_beef":3,"minecraft:iron_leggings":2},"minecraft:killed":{"minecraft:pig":10,"minecraft:spider":2,"minecraft:bat":1,"minecraft:sheep":2,"minecraft:skeleton":3,"minecraft:zombie":9,"minecraft:chicken":5,"minecraft:cow":5},"minecraft:mined":{"minecraft:deepslate_redstone_ore":4,"minecraft:crafting_table":9,"minecraft:torch":13,"minecraft:granite":11,"minecraft:acacia_log":1,"minecraft:grass_block":167,"minecraft:tall_grass":6,"minecraft:cobblestone":1,"minecraft:sugar_cane":6,"minecraft:diorite":9,"minecraft:wall_torch":12,"minecraft:redstone_ore":11,"minecraft:furnace":2,"minecraft:iron_ore":60,"minecraft:barrel":1,"minecraft:andesite":6,"minecraft:grass":87,"minecraft:oak_log":12,"minecraft:coal_ore":23,"minecraft:deepslate_iron_ore":6,"minecraft:gravel":49,"minecraft:dirt":50,"minecraft:stone":166,"minecraft:gold_ore":4,"minecraft:oak_leaves":4},"minecraft:custom":{"minecraft:interact_with_furnace":64,"minecraft:mob_kills":38,"minecraft:interact_with_crafting_table":28,"minecraft:open_barrel":2,"minecraft:leave_game":10,"minecraft:time_since_death":144426,"minecraft:sleep_in_bed":18,"minecraft:time_since_rest":11346,"minecraft:sprint_one_cm":293614,"minecraft:damage_taken":831,"minecraft:walk_one_cm":314856,"minecraft:damage_blocked_by_shield":220,"minecraft:drop":85,"minecraft:damage_dealt":4503,"minecraft:swim_one_cm":3768,"minecraft:talked_to_villager":1,"minecraft:fly_one_cm":728229,"minecraft:open_chest":32,"minecraft:play_time":144426,"minecraft:crouch_one_cm":472,"minecraft:sneak_time":113,"minecraft:walk_under_water_one_cm":2398,"minecraft:jump":3142,"minecraft:interact_with_brewingstand":2,"minecraft:walk_on_water_one_cm":43595,"minecraft:total_world_time":144426,"minecraft:fall_one_cm":49795},"minecraft:dropped":{"minecraft:gravel":95,"minecraft:water_bucket":1,"minecraft:sugar_cane":1,"minecraft:wheat_seeds":4,"minecraft:cobblestone":100,"minecraft:rotten_flesh":11,"minecraft:granite":11,"minecraft:flint":2,"minecraft:diorite":1,"minecraft:wooden_axe":1,"minecraft:andesite":4,"minecraft:barrel":1,"minecraft:gold_nugget":1,"minecraft:wooden_pickaxe":1,"minecraft:bucket":2}},"DataVersion":2730}