{"stats":{"minecraft:mined":{"minecraft:iron_ore":4,"minecraft:andesite":2,"minecraft:crafting_table":3,"minecraft:grass":11,"minecraft:acacia_log":1,"minecraft:grass_block":17,"minecraft:oak_log":12,"minecraft:dirt":24,"minecraft:tall_grass":1,"minecraft:cobblestone":1,"minecraft:stone":22,"minecraft:oak_leaves":4},"minecraft:crafted":{"minecraft:oak_planks":20,"minecraft:stone_shovel":1,"minecraft:crafting_table":1,"minecraft:stick":20,"minecraft:iron_ingot":4,"minecraft:wooden_pickaxe":1,"minecraft:stone_pickaxe":1,"minecraft:stone_sword":1,"minecraft:stone_axe":1},"minecraft:dropped":{"minecraft:wheat_seeds":3,"minecraft:wooden_axe":1,"minecraft:andesite":2,"minecraft:wooden_pickaxe":1},"minecraft:picked_up":{"minecraft:stick":2,"minecraft:crafting_table":3,"minecraft:raw_iron":4,"minecraft:andesite":2,"minecraft:acacia_log":65,"minecraft:oak_log":12,"minecraft:dirt":39,"minecraft:wheat_seeds":7,"minecraft:netherite_hoe":1,"minecraft:cobblestone":22},"minecraft:custom":{"minecraft:time_since_rest":13209,"minecraft:interact_with_furnace":4,"minecraft:sprint_one_cm":33013,"minecraft:damage_taken":40,"minecraft:walk_one_cm":42128,"minecraft:drop":6,"minecraft:damage_dealt":5,"minecraft:interact_with_crafting_table":10,"minecraft:fly_one_cm":43928,"minecraft:open_chest":3,"minecraft:crouch_one_cm":357,"minecraft:play_time":18023,"minecraft:sneak_time":58,"minecraft:jump":228,"minecraft:time_since_death":18023,"minecraft:walk_on_water_one_cm":13878,"minecraft:sleep_in_bed":1,"minecraft:total_world_time":18023,"minecraft:fall_one_cm":4911},"minecraft:used":{"minecraft:cooked_mutton":2,"minecraft:wooden_axe":5,"minecraft:acacia_log":1,"minecraft:stone_shovel":33,"minecraft:stone_pickaxe":29,"minecraft:wooden_pickaxe":12,"minecraft:dirt":8,"minecraft:cobblestone":2,"minecraft:crafting_table":3}},"DataVersion":2730}