{"stats":{"minecraft:broken":{"minecraft:stone_shovel":1},"minecraft:mined":{"minecraft:iron_ore":4,"minecraft:andesite":2,"minecraft:crafting_table":3,"minecraft:grass":60,"minecraft:acacia_log":1,"minecraft:grass_block":161,"minecraft:oak_log":12,"minecraft:dirt":38,"minecraft:tall_grass":6,"minecraft:cobblestone":1,"minecraft:stone":22,"minecraft:oak_leaves":4},"minecraft:crafted":{"minecraft:oak_planks":20,"minecraft:stone_shovel":2,"minecraft:crafting_table":1,"minecraft:stick":20,"minecraft:wooden_pickaxe":1,"minecraft:iron_ingot":4,"minecraft:stone_pickaxe":1,"minecraft:stone_sword":1,"minecraft:stone_axe":1},"minecraft:dropped":{"minecraft:wheat_seeds":3,"minecraft:wooden_axe":1,"minecraft:andesite":2,"minecraft:wooden_pickaxe":1,"minecraft:bucket":1},"minecraft:picked_up":{"minecraft:raw_iron":4,"minecraft:stick":2,"minecraft:crafting_table":3,"minecraft:andesite":2,"minecraft:acacia_log":65,"minecraft:oak_log":12,"minecraft:dirt":158,"minecraft:bone":2,"minecraft:arrow":1,"minecraft:wheat_seeds":15,"minecraft:bucket":3,"minecraft:netherite_hoe":1,"minecraft:sugar_cane":1,"minecraft:cobblestone":22,"minecraft:egg":1},"minecraft:custom":{"minecraft:time_since_rest":5449,"minecraft:interact_with_furnace":5,"minecraft:sprint_one_cm":149107,"minecraft:damage_taken":60,"minecraft:walk_one_cm":113804,"minecraft:drop":7,"minecraft:damage_dealt":25,"minecraft:swim_one_cm":1415,"minecraft:interact_with_crafting_table":14,"minecraft:fly_one_cm":353461,"minecraft:open_chest":4,"minecraft:crouch_one_cm":447,"minecraft:play_time":52012,"minecraft:sneak_time":81,"minecraft:walk_under_water_one_cm":1030,"minecraft:jump":1263,"minecraft:leave_game":4,"minecraft:time_since_death":52012,"minecraft:walk_on_water_one_cm":18570,"minecraft:sleep_in_bed":6,"minecraft:total_world_time":52012,"minecraft:fall_one_cm":18377},"minecraft:used":{"minecraft:cooked_mutton":7,"minecraft:wooden_axe":5,"minecraft:water_bucket":111,"minecraft:acacia_log":1,"minecraft:stone_pickaxe":29,"minecraft:stone_shovel":242,"minecraft:wooden_pickaxe":12,"minecraft:dirt":49,"minecraft:cobblestone":2,"minecraft:crafting_table":4,"minecraft:bucket":111}},"DataVersion":2730}