{"stats":{"minecraft:broken":{"minecraft:stone_shovel":1},"minecraft:mined":{"minecraft:crafting_table":4,"minecraft:acacia_log":1,"minecraft:grass_block":161,"minecraft:tall_grass":6,"minecraft:cobblestone":1,"minecraft:sugar_cane":2,"minecraft:iron_ore":4,"minecraft:andesite":2,"minecraft:grass":63,"minecraft:oak_log":12,"minecraft:dirt":38,"minecraft:stone":22,"minecraft:oak_leaves":4},"minecraft:crafted":{"minecraft:cooked_beef":1,"minecraft:oak_planks":48,"minecraft:stone_shovel":2,"minecraft:crafting_table":1,"minecraft:cooked_chicken":3,"minecraft:wooden_pickaxe":1,"minecraft:stone_axe":1,"minecraft:cooked_mutton":1,"minecraft:shield":1,"minecraft:stick":20,"minecraft:iron_ingot":25,"minecraft:iron_pickaxe":1,"minecraft:stone_pickaxe":1,"minecraft:stone_sword":1},"minecraft:dropped":{"minecraft:wheat_seeds":3,"minecraft:rotten_flesh":1,"minecraft:andesite":2,"minecraft:wooden_axe":1,"minecraft:wooden_pickaxe":1,"minecraft:bucket":2},"minecraft:picked_up":{"minecraft:crafting_table":4,"minecraft:feather":3,"minecraft:chicken":3,"minecraft:andesite":2,"minecraft:leather":1,"minecraft:oak_log":12,"minecraft:dirt":158,"minecraft:string":1,"minecraft:bone":3,"minecraft:wheat_seeds":16,"minecraft:bucket":3,"minecraft:iron_ingot":2,"minecraft:beef":1,"minecraft:sugar_cane":11,"minecraft:egg":2,"minecraft:stick":2,"minecraft:raw_iron":4,"minecraft:acacia_log":65,"minecraft:porkchop":1,"minecraft:spider_eye":1,"minecraft:arrow":2,"minecraft:rotten_flesh":6,"minecraft:netherite_hoe":1,"minecraft:mutton":1,"minecraft:white_wool":1,"minecraft:cobblestone":22},"minecraft:custom":{"minecraft:interact_with_furnace":23,"minecraft:mob_kills":11,"minecraft:interact_with_crafting_table":20,"minecraft:leave_game":5,"minecraft:time_since_death":76653,"minecraft:sleep_in_bed":14,"minecraft:time_since_rest":8159,"minecraft:sprint_one_cm":200331,"minecraft:damage_taken":205,"minecraft:walk_one_cm":146942,"minecraft:drop":9,"minecraft:damage_dealt":1120,"minecraft:swim_one_cm":3768,"minecraft:talked_to_villager":1,"minecraft:fly_one_cm":562768,"minecraft:open_chest":15,"minecraft:crouch_one_cm":447,"minecraft:play_time":76653,"minecraft:sneak_time":81,"minecraft:walk_under_water_one_cm":1495,"minecraft:jump":2009,"minecraft:walk_on_water_one_cm":22435,"minecraft:total_world_time":76653,"minecraft:fall_one_cm":27011},"minecraft:killed":{"minecraft:pig":1,"minecraft:spider":1,"minecraft:sheep":1,"minecraft:skeleton":1,"minecraft:zombie":2,"minecraft:chicken":3,"minecraft:cow":1},"minecraft:used":{"minecraft:cooked_mutton":10,"minecraft:water_bucket":167,"minecraft:stone_sword":13,"minecraft:acacia_log":1,"minecraft:stone_shovel":242,"minecraft:stone_pickaxe":29,"minecraft:wooden_pickaxe":12,"minecraft:sugar_cane":34,"minecraft:rotten_flesh":2,"minecraft:dirt":49,"minecraft:crafting_table":5,"minecraft:wooden_axe":5,"minecraft:stone_axe":13,"minecraft:cobblestone":2,"minecraft:bucket":168}},"DataVersion":2730}