{"stats":{"minecraft:dropped":{"minecraft:gravel":95,"minecraft:water_bucket":1,"minecraft:sugar_cane":1,"minecraft:wheat_seeds":4,"minecraft:stone_sword":2,"minecraft:feather":2,"minecraft:cobblestone":100,"minecraft:rotten_flesh":11,"minecraft:granite":11,"minecraft:flint":2,"minecraft:diorite":1,"minecraft:wooden_axe":1,"minecraft:andesite":4,"minecraft:brown_wool":2,"minecraft:gold_nugget":1,"minecraft:barrel":1,"minecraft:wooden_pickaxe":1,"minecraft:bucket":2},"minecraft:crafted":{"minecraft:cooked_beef":12,"minecraft:oak_planks":48,"minecraft:stone_shovel":2,"minecraft:cooked_porkchop":16,"minecraft:crafting_table":1,"minecraft:iron_helmet":1,"minecraft:cooked_chicken":6,"minecraft:wooden_pickaxe":1,"minecraft:iron_sword":1,"minecraft:stone_axe":1,"minecraft:cooked_mutton":8,"minecraft:glass":185,"minecraft:iron_boots":1,"minecraft:iron_chestplate":1,"minecraft:shield":1,"minecraft:stick":52,"minecraft:iron_ingot":81,"minecraft:iron_pickaxe":1,"minecraft:stone_pickaxe":1,"minecraft:stone_sword":1,"minecraft:iron_leggings":1,"minecraft:gold_ingot":10,"minecraft:torch":32},"minecraft:broken":{"minecraft:stone_pickaxe":1,"minecraft:stone_shovel":1},"minecraft:picked_up":{"minecraft:iron_chestplate":1,"minecraft:crafting_table":10,"minecraft:feather":7,"minecraft:cooked_beef":6,"minecraft:chicken":6,"minecraft:water_bucket":1,"minecraft:andesite":5,"minecraft:leather":5,"minecraft:brown_wool":2,"minecraft:flint":2,"minecraft:oak_log":12,"minecraft:shield":1,"minecraft:lapis_lazuli":9,"minecraft:string":3,"minecraft:dirt":280,"minecraft:iron_leggings":1,"minecraft:bone":11,"minecraft:wheat_seeds":18,"minecraft:gold_nugget":1,"minecraft:raw_gold":4,"minecraft:bucket":4,"minecraft:iron_ingot":6,"minecraft:beef":12,"minecraft:cooked_chicken":5,"minecraft:iron_pickaxe":1,"minecraft:sugar_cane":789,"minecraft:chest":2,"minecraft:oak_planks":9,"minecraft:iron_boots":1,"minecraft:furnace":2,"minecraft:egg":2,"minecraft:raw_iron":64,"minecraft:stick":35,"minecraft:torch":28,"minecraft:acacia_log":129,"minecraft:gravel":120,"minecraft:porkchop":39,"minecraft:diorite":8,"minecraft:redstone":59,"minecraft:spider_eye":1,"minecraft:barrel":1,"minecraft:orange_bed":1,"minecraft:stone_sword":2,"minecraft:arrow":12,"minecraft:stone_shovel":1,"minecraft:rotten_flesh":16,"minecraft:stone_axe":1,"minecraft:iron_helmet":1,"minecraft:granite":11,"minecraft:gold_ingot":10,"minecraft:netherite_hoe":1,"minecraft:black_wool":1,"minecraft:mutton":8,"minecraft:coal":199,"minecraft:white_wool":5,"minecraft:cobblestone":250},"minecraft:custom":{"minecraft:interact_with_furnace":87,"minecraft:mob_kills":55,"minecraft:inspect_hopper":2,"minecraft:interact_with_crafting_table":29,"minecraft:open_barrel":2,"minecraft:leave_game":11,"minecraft:time_since_death":175753,"minecraft:sleep_in_bed":21,"minecraft:climb_one_cm":155,"minecraft:time_since_rest":10504,"minecraft:sprint_one_cm":358496,"minecraft:damage_taken":1083,"minecraft:walk_one_cm":398143,"minecraft:damage_blocked_by_shield":220,"minecraft:drop":91,"minecraft:damage_dealt":6043,"minecraft:swim_one_cm":48832,"minecraft:fly_one_cm":905308,"minecraft:talked_to_villager":4,"minecraft:play_time":175753,"minecraft:open_chest":48,"minecraft:crouch_one_cm":538,"minecraft:sneak_time":151,"minecraft:walk_under_water_one_cm":19665,"minecraft:interact_with_brewingstand":2,"minecraft:jump":3841,"minecraft:walk_on_water_one_cm":50952,"minecraft:total_world_time":175753,"minecraft:fall_one_cm":69215},"minecraft:mined":{"minecraft:deepslate_redstone_ore":4,"minecraft:crafting_table":9,"minecraft:torch":13,"minecraft:granite":11,"minecraft:acacia_log":1,"minecraft:grass_block":167,"minecraft:poppy":1,"minecraft:tall_grass":9,"minecraft:cobblestone":1,"minecraft:sugar_cane":323,"minecraft:diorite":9,"minecraft:wall_torch":12,"minecraft:redstone_ore":11,"minecraft:furnace":2,"minecraft:iron_ore":60,"minecraft:barrel":1,"minecraft:cobblestone_slab":1,"minecraft:andesite":6,"minecraft:grass":96,"minecraft:coal_ore":23,"minecraft:oak_log":12,"minecraft:deepslate_iron_ore":6,"minecraft:gravel":49,"minecraft:dirt":51,"minecraft:stone":166,"minecraft:gold_ore":4,"minecraft:oak_leaves":4},"minecraft:used":{"minecraft:cooked_mutton":20,"minecraft:acacia_log":1,"minecraft:water_bucket":186,"minecraft:diorite":7,"minecraft:stone_sword":163,"minecraft:stone_pickaxe":131,"minecraft:stone_shovel":265,"minecraft:wooden_pickaxe":12,"minecraft:shield":9,"minecraft:sugar_cane":355,"minecraft:rotten_flesh":2,"minecraft:iron_chestplate":2,"minecraft:orange_bed":1,"minecraft:torch":57,"minecraft:dirt":114,"minecraft:crafting_table":9,"minecraft:white_bed":1,"minecraft:wooden_axe":5,"minecraft:iron_pickaxe":179,"minecraft:iron_helmet":1,"minecraft:iron_boots":2,"minecraft:gravel":25,"minecraft:stone_axe":18,"minecraft:cobblestone":12,"minecraft:furnace":2,"minecraft:andesite":1,"minecraft:bucket":186,"minecraft:cooked_beef":7,"minecraft:iron_leggings":2},"minecraft:killed":{"minecraft:pig":20,"minecraft:spider":2,"minecraft:bat":1,"minecraft:sheep":7,"minecraft:skeleton":3,"minecraft:zombie":9,"minecraft:chicken":6,"minecraft:cow":6}},"DataVersion":2730}