{"stats":{"minecraft:broken":{"minecraft:stone_shovel":1},"minecraft:mined":{"minecraft:iron_ore":4,"minecraft:andesite":2,"minecraft:crafting_table":4,"minecraft:grass":60,"minecraft:acacia_log":1,"minecraft:grass_block":161,"minecraft:oak_log":12,"minecraft:dirt":38,"minecraft:tall_grass":6,"minecraft:cobblestone":1,"minecraft:stone":22,"minecraft:sugar_cane":2,"minecraft:oak_leaves":4},"minecraft:crafted":{"minecraft:oak_planks":20,"minecraft:stone_shovel":2,"minecraft:crafting_table":1,"minecraft:iron_pickaxe":1,"minecraft:stick":20,"minecraft:wooden_pickaxe":1,"minecraft:iron_ingot":5,"minecraft:stone_pickaxe":1,"minecraft:stone_sword":1,"minecraft:stone_axe":1},"minecraft:dropped":{"minecraft:wheat_seeds":3,"minecraft:wooden_axe":1,"minecraft:andesite":2,"minecraft:wooden_pickaxe":1,"minecraft:bucket":2},"minecraft:picked_up":{"minecraft:raw_iron":4,"minecraft:stick":2,"minecraft:crafting_table":4,"minecraft:andesite":2,"minecraft:acacia_log":65,"minecraft:oak_log":12,"minecraft:spider_eye":1,"minecraft:string":1,"minecraft:dirt":158,"minecraft:bone":2,"minecraft:arrow":1,"minecraft:rotten_flesh":2,"minecraft:wheat_seeds":15,"minecraft:bucket":3,"minecraft:iron_ingot":2,"minecraft:netherite_hoe":1,"minecraft:sugar_cane":11,"minecraft:cobblestone":22,"minecraft:egg":1},"minecraft:custom":{"minecraft:time_since_rest":1298,"minecraft:interact_with_furnace":6,"minecraft:sprint_one_cm":189812,"minecraft:damage_taken":195,"minecraft:walk_one_cm":138938,"minecraft:mob_kills":4,"minecraft:drop":8,"minecraft:damage_dealt":580,"minecraft:swim_one_cm":1415,"minecraft:interact_with_crafting_table":17,"minecraft:fly_one_cm":529360,"minecraft:open_chest":9,"minecraft:crouch_one_cm":447,"minecraft:play_time":69792,"minecraft:sneak_time":81,"minecraft:walk_under_water_one_cm":1100,"minecraft:jump":1879,"minecraft:leave_game":4,"minecraft:time_since_death":69792,"minecraft:walk_on_water_one_cm":22093,"minecraft:sleep_in_bed":14,"minecraft:total_world_time":69792,"minecraft:fall_one_cm":23929},"minecraft:killed":{"minecraft:zombie":2,"minecraft:spider":1},"minecraft:used":{"minecraft:cooked_mutton":10,"minecraft:wooden_axe":5,"minecraft:water_bucket":167,"minecraft:acacia_log":1,"minecraft:stone_pickaxe":29,"minecraft:stone_shovel":242,"minecraft:wooden_pickaxe":12,"minecraft:sugar_cane":34,"minecraft:stone_axe":9,"minecraft:dirt":49,"minecraft:cobblestone":2,"minecraft:crafting_table":4,"minecraft:bucket":168}},"DataVersion":2730}