{"stats":{"minecraft:broken":{"minecraft:stone_shovel":1},"minecraft:mined":{"minecraft:crafting_table":5,"minecraft:torch":5,"minecraft:acacia_log":1,"minecraft:grass_block":164,"minecraft:tall_grass":6,"minecraft:cobblestone":1,"minecraft:sugar_cane":2,"minecraft:wall_torch":7,"minecraft:iron_ore":4,"minecraft:andesite":2,"minecraft:grass":86,"minecraft:oak_log":12,"minecraft:gravel":26,"minecraft:dirt":43,"minecraft:stone":46,"minecraft:oak_leaves":4},"minecraft:crafted":{"minecraft:cooked_beef":9,"minecraft:oak_planks":48,"minecraft:stone_shovel":2,"minecraft:cooked_porkchop":16,"minecraft:crafting_table":1,"minecraft:wooden_pickaxe":1,"minecraft:cooked_chicken":5,"minecraft:stone_axe":1,"minecraft:cooked_mutton":2,"minecraft:glass":185,"minecraft:shield":1,"minecraft:stick":52,"minecraft:iron_ingot":25,"minecraft:iron_pickaxe":1,"minecraft:stone_pickaxe":1,"minecraft:stone_sword":1,"minecraft:torch":32},"minecraft:dropped":{"minecraft:wheat_seeds":3,"minecraft:rotten_flesh":1,"minecraft:andesite":2,"minecraft:wooden_axe":1,"minecraft:wooden_pickaxe":1,"minecraft:bucket":2},"minecraft:picked_up":{"minecraft:crafting_table":5,"minecraft:feather":5,"minecraft:chicken":5,"minecraft:andesite":2,"minecraft:leather":4,"minecraft:oak_log":12,"minecraft:dirt":166,"minecraft:string":3,"minecraft:bone":7,"minecraft:wheat_seeds":16,"minecraft:bucket":3,"minecraft:beef":9,"minecraft:iron_ingot":2,"minecraft:sugar_cane":11,"minecraft:egg":2,"minecraft:raw_iron":4,"minecraft:stick":2,"minecraft:torch":12,"minecraft:acacia_log":65,"minecraft:gravel":35,"minecraft:porkchop":17,"minecraft:spider_eye":1,"minecraft:arrow":6,"minecraft:rotten_flesh":6,"minecraft:netherite_hoe":1,"minecraft:mutton":2,"minecraft:white_wool":2,"minecraft:cobblestone":46},"minecraft:custom":{"minecraft:interact_with_furnace":46,"minecraft:mob_kills":29,"minecraft:interact_with_crafting_table":20,"minecraft:leave_game":6,"minecraft:time_since_death":93567,"minecraft:sleep_in_bed":17,"minecraft:time_since_rest":7695,"minecraft:sprint_one_cm":241184,"minecraft:damage_taken":285,"minecraft:walk_one_cm":182467,"minecraft:damage_blocked_by_shield":40,"minecraft:drop":9,"minecraft:damage_dealt":2834,"minecraft:swim_one_cm":3768,"minecraft:talked_to_villager":1,"minecraft:fly_one_cm":660769,"minecraft:open_chest":18,"minecraft:crouch_one_cm":447,"minecraft:play_time":93567,"minecraft:sneak_time":81,"minecraft:walk_under_water_one_cm":1495,"minecraft:jump":2504,"minecraft:walk_on_water_one_cm":22435,"minecraft:total_world_time":93567,"minecraft:fall_one_cm":40038},"minecraft:killed":{"minecraft:pig":10,"minecraft:spider":2,"minecraft:sheep":2,"minecraft:skeleton":2,"minecraft:zombie":2,"minecraft:chicken":5,"minecraft:cow":5},"minecraft:used":{"minecraft:cooked_mutton":12,"minecraft:water_bucket":167,"minecraft:stone_sword":75,"minecraft:acacia_log":1,"minecraft:stone_pickaxe":53,"minecraft:stone_shovel":265,"minecraft:shield":1,"minecraft:wooden_pickaxe":12,"minecraft:sugar_cane":34,"minecraft:rotten_flesh":2,"minecraft:torch":16,"minecraft:dirt":50,"minecraft:crafting_table":5,"minecraft:wooden_axe":5,"minecraft:stone_axe":14,"minecraft:cobblestone":2,"minecraft:bucket":168,"minecraft:cooked_beef":1}},"DataVersion":2730}