{"stats":{"minecraft:broken":{"minecraft:stone_shovel":1},"minecraft:mined":{"minecraft:iron_ore":4,"minecraft:andesite":2,"minecraft:crafting_table":3,"minecraft:grass":59,"minecraft:acacia_log":1,"minecraft:grass_block":111,"minecraft:oak_log":12,"minecraft:dirt":38,"minecraft:tall_grass":6,"minecraft:cobblestone":1,"minecraft:stone":22,"minecraft:oak_leaves":4},"minecraft:crafted":{"minecraft:oak_planks":20,"minecraft:stone_shovel":2,"minecraft:crafting_table":1,"minecraft:stick":20,"minecraft:wooden_pickaxe":1,"minecraft:iron_ingot":4,"minecraft:stone_pickaxe":1,"minecraft:stone_sword":1,"minecraft:stone_axe":1},"minecraft:dropped":{"minecraft:wheat_seeds":3,"minecraft:wooden_axe":1,"minecraft:andesite":2,"minecraft:wooden_pickaxe":1},"minecraft:picked_up":{"minecraft:crafting_table":3,"minecraft:stick":2,"minecraft:raw_iron":4,"minecraft:andesite":2,"minecraft:acacia_log":65,"minecraft:oak_log":12,"minecraft:dirt":112,"minecraft:bone":2,"minecraft:arrow":1,"minecraft:wheat_seeds":13,"minecraft:netherite_hoe":1,"minecraft:cobblestone":22},"minecraft:custom":{"minecraft:time_since_rest":10887,"minecraft:interact_with_furnace":4,"minecraft:sprint_one_cm":59455,"minecraft:damage_taken":40,"minecraft:walk_one_cm":79106,"minecraft:drop":6,"minecraft:damage_dealt":5,"minecraft:interact_with_crafting_table":13,"minecraft:fly_one_cm":103451,"minecraft:open_chest":3,"minecraft:crouch_one_cm":447,"minecraft:play_time":29809,"minecraft:sneak_time":73,"minecraft:jump":458,"minecraft:leave_game":2,"minecraft:time_since_death":29809,"minecraft:walk_on_water_one_cm":13923,"minecraft:sleep_in_bed":3,"minecraft:total_world_time":29809,"minecraft:fall_one_cm":10252},"minecraft:used":{"minecraft:cooked_mutton":2,"minecraft:wooden_axe":5,"minecraft:acacia_log":1,"minecraft:stone_pickaxe":29,"minecraft:stone_shovel":192,"minecraft:wooden_pickaxe":12,"minecraft:dirt":48,"minecraft:cobblestone":2,"minecraft:crafting_table":4}},"DataVersion":2730}