{"stats":{"minecraft:picked_up":{"minecraft:crafting_table":12,"minecraft:iron_chestplate":1,"minecraft:chicken":7,"minecraft:nether_brick":1,"minecraft:shield":1,"minecraft:string":8,"minecraft:acacia_door":2,"minecraft:iron_leggings":1,"minecraft:gold_nugget":1,"minecraft:cobbled_deepslate":157,"minecraft:bucket":4,"minecraft:beef":12,"minecraft:iron_pickaxe":1,"minecraft:sugar_cane":789,"minecraft:chest":2,"minecraft:furnace":4,"minecraft:iron_boots":1,"minecraft:egg":2,"minecraft:stick":38,"minecraft:raw_iron":95,"minecraft:acacia_fence":1,"minecraft:torch":46,"minecraft:acacia_log":274,"minecraft:porkchop":52,"minecraft:diorite":32,"minecraft:redstone":130,"minecraft:orange_bed":2,"minecraft:stone_sword":2,"minecraft:rotten_flesh":20,"minecraft:arrow":22,"minecraft:stone_shovel":2,"minecraft:gold_ingot":10,"minecraft:mutton":12,"minecraft:white_wool":7,"minecraft:cobblestone":547,"minecraft:feather":9,"minecraft:cooked_beef":6,"minecraft:water_bucket":1,"minecraft:andesite":5,"minecraft:brown_wool":2,"minecraft:leather":5,"minecraft:acacia_wood":14,"minecraft:filled_map":1,"minecraft:flint":2,"minecraft:oak_log":12,"minecraft:lapis_lazuli":70,"minecraft:dirt":307,"minecraft:bone":20,"minecraft:acacia_planks":1,"minecraft:bow":1,"minecraft:wheat_seeds":19,"minecraft:acacia_trapdoor":3,"minecraft:raw_gold":20,"minecraft:stone_pickaxe":1,"minecraft:iron_ingot":16,"minecraft:cooked_chicken":5,"minecraft:oak_planks":9,"minecraft:cooked_porkchop":6,"minecraft:gravel":120,"minecraft:white_bed":2,"minecraft:shulker_box":1,"minecraft:spider_eye":3,"minecraft:barrel":1,"minecraft:stripped_acacia_log":1,"minecraft:diamond":4,"minecraft:stone_axe":2,"minecraft:iron_helmet":1,"minecraft:granite":74,"minecraft:black_wool":1,"minecraft:brown_banner":7,"minecraft:netherite_hoe":1,"minecraft:coal":282},"minecraft:used":{"minecraft:stone_sword":163,"minecraft:acacia_log":1,"minecraft:stone_shovel":297,"minecraft:shield":13,"minecraft:iron_sword":81,"minecraft:cooked_chicken":7,"minecraft:rotten_flesh":2,"minecraft:iron_chestplate":2,"minecraft:orange_bed":2,"minecraft:torch":128,"minecraft:dirt":137,"minecraft:shulker_box":1,"minecraft:wooden_axe":5,"minecraft:iron_axe":117,"minecraft:iron_helmet":1,"minecraft:iron_boots":2,"minecraft:furnace":4,"minecraft:egg":1,"minecraft:cooked_beef":12,"minecraft:iron_leggings":2,"minecraft:cooked_mutton":24,"minecraft:water_bucket":186,"minecraft:diorite":7,"minecraft:acacia_trapdoor":5,"minecraft:glass_bottle":2,"minecraft:stone_pickaxe":444,"minecraft:wooden_pickaxe":12,"minecraft:sugar_cane":355,"minecraft:crafting_table":11,"minecraft:white_bed":3,"minecraft:iron_pickaxe":721,"minecraft:gravel":25,"minecraft:stone_axe":77,"minecraft:cobblestone":38,"minecraft:potion":3,"minecraft:cooked_porkchop":4,"minecraft:andesite":1,"minecraft:bucket":186},"minecraft:mined":{"minecraft:diamond_ore":4,"minecraft:tuff":8,"minecraft:white_bed":2,"minecraft:granite":46,"minecraft:acacia_log":151,"minecraft:grass_block":167,"minecraft:redstone_ore":23,"minecraft:furnace":4,"minecraft:acacia_trapdoor":4,"minecraft:iron_ore":96,"minecraft:barrel":1,"minecraft:acacia_wood":14,"minecraft:andesite":19,"minecraft:deepslate_lapis_ore":4,"minecraft:deepslate_iron_ore":9,"minecraft:cobblestone_slab":1,"minecraft:stripped_acacia_log":1,"minecraft:stone":503,"minecraft:orange_bed":1,"minecraft:deepslate_redstone_ore":26,"minecraft:glass_pane":3,"minecraft:crafting_table":11,"minecraft:torch":16,"minecraft:poppy":1,"minecraft:dead_bush":3,"minecraft:tall_grass":10,"minecraft:cobblestone":4,"minecraft:deepslate_coal_ore":36,"minecraft:lapis_ore":7,"minecraft:deepslate_gold_ore":16,"minecraft:sugar_cane":323,"minecraft:diorite":18,"minecraft:wall_torch":23,"minecraft:grass":104,"minecraft:oak_log":12,"minecraft:coal_ore":95,"minecraft:acacia_fence":1,"minecraft:gravel":49,"minecraft:dirt":99,"minecraft:acacia_planks":1,"minecraft:gold_ore":4,"minecraft:oak_leaves":4,"minecraft:deepslate":226},"minecraft:killed":{"minecraft:spider":7,"minecraft:cod":1,"minecraft:skeleton":9,"minecraft:chicken":7,"minecraft:pig":27,"minecraft:bat":1,"minecraft:creeper":1,"minecraft:sheep":9,"minecraft:zombie":12,"minecraft:cow":6},"minecraft:broken":{"minecraft:stone_pickaxe":3,"minecraft:iron_pickaxe":2,"minecraft:stone_shovel":1},"minecraft:crafted":{"minecraft:oak_planks":48,"minecraft:stone_shovel":2,"minecraft:cooked_chicken":7,"minecraft:furnace":2,"minecraft:cooked_mutton":12,"minecraft:glass":185,"minecraft:iron_boots":1,"minecraft:stone_pickaxe":7,"minecraft:observer":2,"minecraft:cooked_beef":12,"minecraft:cooked_porkchop":28,"minecraft:crafting_table":1,"minecraft:iron_helmet":1,"minecraft:wooden_pickaxe":1,"minecraft:iron_sword":1,"minecraft:acacia_trapdoor":14,"minecraft:stone_axe":1,"minecraft:iron_chestplate":1,"minecraft:shield":1,"minecraft:stick":68,"minecraft:iron_ingot":107,"minecraft:iron_pickaxe":7,"minecraft:stone_sword":1,"minecraft:iron_leggings":1,"minecraft:gold_ingot":10,"minecraft:acacia_planks":60,"minecraft:torch":92},"minecraft:dropped":{"minecraft:water_bucket":1,"minecraft:iron_ingot":15,"minecraft:oak_slab":6,"minecraft:wheat_seeds":5,"minecraft:cobblestone":108,"minecraft:oak_fence":1,"minecraft:feather":2,"minecraft:observer":2,"minecraft:granite":74,"minecraft:acacia_log":128,"minecraft:acacia_trapdoor":1,"minecraft:flint":2,"minecraft:dirt":82,"minecraft:gray_wool":1,"minecraft:diorite":25,"minecraft:wooden_axe":1,"minecraft:brown_wool":2,"minecraft:wooden_sword":1,"minecraft:gold_nugget":2,"minecraft:iron_pickaxe":3,"minecraft:acacia_door":2,"minecraft:bucket":2,"minecraft:dandelion":8,"minecraft:redstone":8,"minecraft:gravel":95,"minecraft:stone_axe":2,"minecraft:kelp":4,"minecraft:sugar_cane":1,"minecraft:stone_sword":2,"minecraft:cobbled_deepslate":29,"minecraft:nether_brick":1,"minecraft:wheat":1,"minecraft:stone_shovel":2,"minecraft:rotten_flesh":28,"minecraft:light_gray_wool":1,"minecraft:oak_planks":1,"minecraft:iron_hoe":1,"minecraft:andesite":20,"minecraft:acacia_slab":1,"minecraft:oak_sapling":1,"minecraft:spider_eye":2,"minecraft:barrel":1,"minecraft:wooden_pickaxe":1,"minecraft:bow":1,"minecraft:stone_pickaxe":3,"minecraft:acacia_fence":1,"minecraft:netherrack":11,"minecraft:egg":1},"minecraft:custom":{"minecraft:interact_with_smithing_table":1,"minecraft:mob_kills":82,"minecraft:inspect_hopper":2,"minecraft:interact_with_crafting_table":40,"minecraft:open_barrel":2,"minecraft:open_shulker_box":3,"minecraft:leave_game":13,"minecraft:time_since_death":291134,"minecraft:climb_one_cm":155,"minecraft:sprint_one_cm":544820,"minecraft:damage_blocked_by_shield":340,"minecraft:walk_one_cm":589651,"minecraft:drop":163,"minecraft:talked_to_villager":8,"minecraft:play_time":291134,"minecraft:sneak_time":638,"minecraft:walk_under_water_one_cm":37384,"minecraft:jump":5866,"minecraft:interact_with_brewingstand":4,"minecraft:walk_on_water_one_cm":68675,"minecraft:total_world_time":291134,"minecraft:interact_with_furnace":107,"minecraft:sleep_in_bed":25,"minecraft:time_since_rest":99758,"minecraft:open_enderchest":4,"minecraft:damage_taken":2037,"minecraft:damage_dealt":10021,"minecraft:player_kills":1,"minecraft:swim_one_cm":105834,"minecraft:fly_one_cm":1368921,"minecraft:open_chest":97,"minecraft:crouch_one_cm":690,"minecraft:fall_one_cm":126289}},"DataVersion":2730}