{"stats":{"minecraft:broken":{"minecraft:stone_pickaxe":1,"minecraft:stone_shovel":1},"minecraft:mined":{"minecraft:deepslate_redstone_ore":4,"minecraft:crafting_table":8,"minecraft:torch":8,"minecraft:granite":11,"minecraft:acacia_log":1,"minecraft:grass_block":164,"minecraft:tall_grass":6,"minecraft:cobblestone":1,"minecraft:sugar_cane":2,"minecraft:diorite":8,"minecraft:wall_torch":12,"minecraft:redstone_ore":7,"minecraft:furnace":2,"minecraft:iron_ore":48,"minecraft:andesite":3,"minecraft:grass":86,"minecraft:oak_log":12,"minecraft:coal_ore":22,"minecraft:deepslate_iron_ore":6,"minecraft:gravel":30,"minecraft:dirt":43,"minecraft:stone":156,"minecraft:oak_leaves":4},"minecraft:crafted":{"minecraft:cooked_beef":9,"minecraft:oak_planks":48,"minecraft:stone_shovel":2,"minecraft:cooked_porkchop":16,"minecraft:crafting_table":1,"minecraft:wooden_pickaxe":1,"minecraft:iron_helmet":1,"minecraft:cooked_chicken":5,"minecraft:stone_axe":1,"minecraft:cooked_mutton":2,"minecraft:glass":185,"minecraft:iron_boots":1,"minecraft:iron_chestplate":1,"minecraft:shield":1,"minecraft:stick":52,"minecraft:iron_ingot":44,"minecraft:iron_pickaxe":1,"minecraft:stone_pickaxe":1,"minecraft:stone_sword":1,"minecraft:iron_leggings":1,"minecraft:torch":32},"minecraft:dropped":{"minecraft:wheat_seeds":3,"minecraft:rotten_flesh":1,"minecraft:wooden_axe":1,"minecraft:andesite":2,"minecraft:wooden_pickaxe":1,"minecraft:bucket":2},"minecraft:picked_up":{"minecraft:crafting_table":8,"minecraft:feather":5,"minecraft:chicken":5,"minecraft:andesite":2,"minecraft:leather":4,"minecraft:oak_log":12,"minecraft:dirt":166,"minecraft:lapis_lazuli":9,"minecraft:string":3,"minecraft:bone":7,"minecraft:wheat_seeds":16,"minecraft:bucket":3,"minecraft:iron_ingot":4,"minecraft:beef":9,"minecraft:sugar_cane":11,"minecraft:egg":2,"minecraft:furnace":2,"minecraft:stick":2,"minecraft:raw_iron":52,"minecraft:torch":21,"minecraft:acacia_log":65,"minecraft:gravel":39,"minecraft:porkchop":17,"minecraft:diorite":7,"minecraft:redstone":43,"minecraft:spider_eye":1,"minecraft:arrow":6,"minecraft:rotten_flesh":11,"minecraft:granite":11,"minecraft:netherite_hoe":1,"minecraft:mutton":2,"minecraft:coal":134,"minecraft:white_wool":2,"minecraft:cobblestone":144},"minecraft:custom":{"minecraft:interact_with_furnace":59,"minecraft:mob_kills":37,"minecraft:interact_with_crafting_table":26,"minecraft:leave_game":8,"minecraft:time_since_death":123258,"minecraft:sleep_in_bed":17,"minecraft:time_since_rest":37386,"minecraft:sprint_one_cm":253579,"minecraft:damage_taken":800,"minecraft:walk_one_cm":259438,"minecraft:damage_blocked_by_shield":220,"minecraft:drop":9,"minecraft:damage_dealt":4288,"minecraft:swim_one_cm":3768,"minecraft:talked_to_villager":1,"minecraft:fly_one_cm":669613,"minecraft:open_chest":20,"minecraft:crouch_one_cm":447,"minecraft:play_time":123258,"minecraft:sneak_time":81,"minecraft:walk_under_water_one_cm":1804,"minecraft:jump":2762,"minecraft:walk_on_water_one_cm":38849,"minecraft:total_world_time":123258,"minecraft:fall_one_cm":42523},"minecraft:killed":{"minecraft:pig":10,"minecraft:spider":2,"minecraft:bat":1,"minecraft:skeleton":3,"minecraft:sheep":2,"minecraft:zombie":8,"minecraft:chicken":5,"minecraft:cow":5},"minecraft:used":{"minecraft:cooked_mutton":18,"minecraft:water_bucket":183,"minecraft:diorite":7,"minecraft:stone_sword":110,"minecraft:acacia_log":1,"minecraft:stone_pickaxe":131,"minecraft:stone_shovel":265,"minecraft:wooden_pickaxe":12,"minecraft:shield":9,"minecraft:sugar_cane":34,"minecraft:rotten_flesh":2,"minecraft:iron_chestplate":1,"minecraft:torch":52,"minecraft:dirt":65,"minecraft:crafting_table":8,"minecraft:wooden_axe":5,"minecraft:iron_pickaxe":143,"minecraft:iron_helmet":1,"minecraft:iron_boots":1,"minecraft:stone_axe":17,"minecraft:cobblestone":2,"minecraft:furnace":2,"minecraft:bucket":184,"minecraft:cooked_beef":1,"minecraft:iron_leggings":1}},"DataVersion":2730}